Config	Applicaiton	Miss Rate	Hot Access	Cool Access	Remap Access	Average IPC	Max IPC	Average Time	Max Time
cache_no-dtm_no-remap	barnes	0.035725	1212298.0	5935043.0	0.0	0.7175	0.73	474031583.0	474031583
cache_no-dtm_no-remap	cholesky	0.0333159	371810.0	10084976.0	0.0	2.26	2.55	35048055.0	35048055
cache_no-dtm_no-remap	fft	0.0338297	6110921.0	31239980.0	0.0	2.59	2.59	83345953.0	83345953
cache_no-dtm_no-remap	fmm	0.109434	2896618.0	7471551.0	0.0	2.4475	2.47	192025259.0	192025259
cache_no-dtm_no-remap	lu.cont	0.0325242	3283226.0	8696067.0	0.0	2.19	2.24	118579388.0	118579388
cache_no-dtm_no-remap	lu.ncont	0.0319384	5229660.0	16007229.0	0.0	1.9425	1.99	134909866.0	134909866
cache_no-dtm_no-remap	radix	0.0542846	1443.0	1374401.0	0.0	0.4	0.4	39876172.0	39876172
cache_no-dtm_no-remap	raytrace	0.0470279	1616012.0	12838323.0	0.0	0.8875	0.9	210234206.0	210234206
cache_no-dtm_no-remap	water.nsq	0.0804843	743316.0	3538024.0	0.0	1.6025	1.66	292954282.0	292954282
cache_no-dtm_no-remap	water.sp	0.0382012	529340.0	2346073.0	0.0	1.735	1.88	113061096.0	113061096
cache_no-dtm_remap0	barnes	0.236104	0.0	5870558.0	194657.0	0.7125	0.72	476840883.0	476840883
cache_no-dtm_remap0	cholesky	0.0942426	0.0	10082982.0	168089.0	2.19	2.46	36450911.0	36450911
cache_no-dtm_remap0	fft	0.257509	0.0	31526328.0	338077.0	2.37	2.37	90890953.0	90890953
cache_no-dtm_remap0	fmm	0.404145	0.0	7392256.0	449062.0	2.3725	2.39	198086659.0	198086659
cache_no-dtm_remap0	lu.cont	0.299924	0.0	8938339.0	198824.0	2.05	2.1	126886762.0	126886762
cache_no-dtm_remap0	lu.ncont	0.258267	0.0	15526746.0	184021.0	1.8025	1.85	145430029.0	145430029
cache_no-dtm_remap0	radix	0.055466	0.0	1373696.0	2114.0	0.4	0.4	39854175.0	39854175
cache_no-dtm_remap0	raytrace	0.270073	0.0	12863334.0	155890.0	0.8475	0.86	220504458.0	220504458
cache_no-dtm_remap0	water.nsq	0.331704	0.0	3440410.0	516546.0	1.59	1.65	295703614.0	295703614
cache_no-dtm_remap0	water.sp	0.235576	0.0	2336677.0	199122.0	1.69	1.83	115846996.0	115846996
cache_no-dtm_remap1g	barnes	0.2621	0.0	6809988.0	184214.0	0.7125	0.72	476079183.0	476079183
cache_no-dtm_remap1g	cholesky	0.0429986	0.0	10446341.0	165788.0	2.2175	2.52	35754056.0	35754056
cache_no-dtm_remap1g	fft	0.0870778	0.0	37434551.0	343890.0	2.45	2.45	88150553.0	88150553
cache_no-dtm_remap1g	fmm	0.44389	0.0	9840617.0	467646.0	2.3575	2.38	199313463.0	199313463
cache_no-dtm_remap1g	lu.cont	0.0381001	0.0	12108108.0	245341.0	2.16	2.21	120051599.0	120051599
cache_no-dtm_remap1g	lu.ncont	0.150932	0.0	19332211.0	186134.0	1.8325	1.88	143076286.0	143076286
cache_no-dtm_remap1g	radix	0.055187	0.0	1375076.0	2115.0	0.4	0.4	39846572.0	39846572
cache_no-dtm_remap1g	raytrace	0.0990593	0.0	14445038.0	155892.0	0.8675	0.88	215495119.0	215495119
cache_no-dtm_remap1g	water.nsq	0.439089	0.0	3831272.0	510373.0	1.575	1.63	298163714.0	298163714
cache_no-dtm_remap1g	water.sp	0.23155	0.0	2703609.0	182667.0	1.68	1.82	116517496.0	116517496
cache_no-dtm_remap1l	barnes	0.261294	0.0	6281977.0	186273.0	0.7125	0.72	476074683.0	476074683
cache_no-dtm_remap1l	cholesky	0.0675289	0.0	10289968.0	177071.0	2.22	2.52	36427556.0	36427556
cache_no-dtm_remap1l	fft	0.199488	0.0	33614187.0	338684.0	2.4	2.4	89862453.0	89862453
cache_no-dtm_remap1l	fmm	0.413932	0.0	8058073.0	456316.0	2.3675	2.39	198256763.0	198256763
cache_no-dtm_remap1l	lu.cont	0.212868	0.0	10018652.0	202909.0	2.0925	2.14	124055788.0	124055788
cache_no-dtm_remap1l	lu.ncont	0.228242	0.0	16830480.0	183806.0	1.81	1.85	144772029.0	144772029
cache_no-dtm_remap1l	radix	0.0549382	0.0	1374529.0	2116.0	0.4	0.4	39859184.0	39859184
cache_no-dtm_remap1l	raytrace	0.189695	0.0	13782068.0	155750.0	0.8525	0.87	220145619.0	220145619
cache_no-dtm_remap1l	water.nsq	0.356086	0.0	3647633.0	460940.0	1.59	1.65	295883969.0	295883969
cache_no-dtm_remap1l	water.sp	0.221218	0.0	2514868.0	188833.0	1.69	1.83	115996196.0	115996196
no_cache_no-dtm_no-remap	barnes	1.0	0.0	0.0	0.0	0.7	0.71	485425691.0	485425691
no_cache_no-dtm_no-remap	cholesky	1.0	0.0	0.0	0.0	1.75	2.04	48299055.0	48299055
no_cache_no-dtm_no-remap	fft	1.0	0.0	0.0	0.0	1.93	1.93	111982353.0	111982353
no_cache_no-dtm_no-remap	fmm	1.0	0.0	0.0	0.0	2.1975	2.22	214082059.0	214082059
no_cache_no-dtm_no-remap	lu.cont	1.0	0.0	0.0	0.0	1.8675	1.91	139228399.0	139228399
no_cache_no-dtm_no-remap	lu.ncont	1.0	0.0	0.0	0.0	1.5575	1.59	168483029.0	168483029
no_cache_no-dtm_no-remap	radix	1.0	0.0	0.0	0.0	0.38	0.38	42821686.0	42821686
no_cache_no-dtm_no-remap	raytrace	1.0	0.0	0.0	0.0	0.7825	0.8	239109219.0	239109219
no_cache_no-dtm_no-remap	water.nsq	1.0	0.0	0.0	0.0	1.5625	1.62	300647869.0	300647869
no_cache_no-dtm_no-remap	water.sp	1.0	0.0	0.0	0.0	1.55	1.68	126596996.0	126596996
cache_dram80_no-remap	barnes	0.0358056	0.0	7145313.0	0.0	0.405	0.41	840366928.0	840366928
cache_dram80_no-remap	cholesky	0.0333993	0.0	10460805.0	0.0	0.9075	0.95	85862270.0	85862270
cache_dram80_no-remap	fft	0.0338225	0.0	37352649.0	0.0	0.78	0.78	276579653.0	276579653
cache_dram80_no-remap	fmm	0.108967	0.0	10370439.0	0.0	1.0725	1.08	438260859.0	438260859
cache_dram80_no-remap	lu.cont	0.0325379	0.0	11981756.0	0.0	0.77	0.79	336467462.0	336467462
cache_dram80_no-remap	lu.ncont	0.0319169	0.0	20665069.0	0.0	0.54	0.55	486194686.0	486194686
cache_dram80_no-remap	radix	0.0542873	0.0	1373825.0	0.0	0.37	0.37	43315706.0	43315706
cache_dram80_no-remap	raytrace	0.0475347	0.0	14495201.0	0.0	0.48	0.49	387050391.0	387050391
cache_dram80_no-remap	water.nsq	0.0826387	0.0	4287284.0	0.0	0.8025	0.83	584940345.0	584940345
cache_dram80_no-remap	water.sp	0.0391815	0.0	2878060.0	0.0	0.905	0.98	217273028.0	217273028
cache_dram80_remap0	barnes	0.036148	0.0	7146087.0	4204.0	0.4075	0.41	835928728.0	835928728
cache_dram80_remap0	cholesky	0.0332797	0.0	10455459.0	0.0	0.89	0.93	87602256.0	87602256
cache_dram80_remap0	fft	0.0338378	0.0	37349618.0	0.0	0.78	0.78	276844153.0	276844153
cache_dram80_remap0	fmm	0.10932	0.0	10370156.0	0.0	1.0725	1.08	438284764.0	438284764
cache_dram80_remap0	lu.cont	0.0325388	0.0	11985007.0	0.0	0.77	0.79	336467704.0	336467704
cache_dram80_remap0	lu.ncont	0.0318518	0.0	20642469.0	0.0	0.54	0.55	485656586.0	485656586
cache_dram80_remap0	radix	0.0543321	0.0	1375499.0	0.0	0.37	0.37	43360679.0	43360679
cache_dram80_remap0	raytrace	0.0467135	0.0	14540755.0	0.0	0.48	0.49	388169558.0	388169558
cache_dram80_remap0	water.nsq	0.0808546	0.0	4286972.0	0.0	0.8025	0.83	584489545.0	584489545
cache_dram80_remap0	water.sp	0.0436632	0.0	2872199.0	0.0	0.88	0.95	223002134.0	223002134
cache_dram80_remap1g	barnes	0.0359177	0.0	7145965.0	2104.0	0.4075	0.41	835868783.0	835868783
cache_dram80_remap1g	cholesky	0.0332702	0.0	10463903.0	0.0	0.885	0.93	87841455.0	87841455
cache_dram80_remap1g	fft	0.0338475	0.0	37352438.0	0.0	0.78	0.78	275034253.0	275034253
cache_dram80_remap1g	fmm	0.108882	0.0	10372002.0	0.0	1.0725	1.08	438293803.0	438293803
cache_dram80_remap1g	lu.cont	0.032532	0.0	11983403.0	0.0	0.7725	0.79	335480199.0	335480199
cache_dram80_remap1g	lu.ncont	0.0323078	0.0	20627553.0	0.0	0.5425	0.56	482558632.0	482558632
cache_dram80_remap1g	radix	0.0542655	0.0	1374249.0	0.0	0.37	0.37	43375199.0	43375199
cache_dram80_remap1g	raytrace	0.0474099	0.0	14416922.0	0.0	0.48	0.49	387272458.0	387272458
cache_dram80_remap1g	water.nsq	0.0809103	0.0	4283442.0	0.0	0.7975	0.83	589225382.0	589225382
cache_dram80_remap1g	water.sp	0.0384581	0.0	2877439.0	0.0	0.895	0.97	218257596.0	218257596
cache_dram80_remap1l	barnes	0.0358203	0.0	7144607.0	2104.0	0.4075	0.41	836555383.0	836555383
cache_dram80_remap1l	cholesky	0.033355	0.0	10463535.0	0.0	0.8875	0.93	87855022.0	87855022
cache_dram80_remap1l	fft	0.0337675	0.0	37351926.0	0.0	0.77	0.77	278454653.0	278454653
cache_dram80_remap1l	fmm	0.109613	0.0	10364334.0	0.0	1.0725	1.08	438273063.0	438273063
cache_dram80_remap1l	lu.cont	0.0325278	0.0	11984275.0	0.0	0.78	0.8	334062804.0	334062804
cache_dram80_remap1l	lu.ncont	0.0318803	0.0	20649314.0	0.0	0.5425	0.56	483677286.0	483677286
cache_dram80_remap1l	radix	0.0544797	0.0	1374984.0	0.0	0.37	0.37	43361687.0	43361687
cache_dram80_remap1l	raytrace	0.0448355	0.0	14585381.0	0.0	0.485	0.49	387292258.0	387292258
cache_dram80_remap1l	water.nsq	0.0819042	0.0	4281444.0	0.0	0.8	0.83	587559545.0	587559545
cache_dram80_remap1l	water.sp	0.0380066	0.0	2873840.0	0.0	0.905	0.98	217465928.0	217465928
cache_dram81_no-remap	barnes	0.0356724	0.0	7145688.0	0.0	0.4375	0.44	775796983.0	775796983
cache_dram81_no-remap	cholesky	0.0333203	0.0	10465427.0	0.0	1.0275	1.09	76773422.0	76773422
cache_dram81_no-remap	fft	0.0338434	0.0	37351117.0	0.0	0.92	0.92	233381353.0	233381353
cache_dram81_no-remap	fmm	0.10906	0.0	10372597.0	0.0	1.1775	1.19	398740563.0	398740563
cache_dram81_no-remap	lu.cont	0.0326261	0.0	11987925.0	0.0	0.86	0.88	301607762.0	301607762
cache_dram81_no-remap	lu.ncont	0.0321943	0.0	20910930.0	0.0	0.6525	0.67	402217657.0	402217657
cache_dram81_no-remap	radix	0.0541299	0.0	1375835.0	0.0	0.38	0.38	41862534.0	41862534
cache_dram81_no-remap	raytrace	0.047202	99.0	14500671.0	0.0	0.53	0.54	355133119.0	355133119
cache_dram81_no-remap	water.nsq	0.0810075	0.0	4284615.0	0.0	0.88	0.91	532877682.0	532877682
cache_dram81_no-remap	water.sp	0.0382863	0.0	2871078.0	0.0	0.98	1.06	199847296.0	199847296
cache_dram81_remap0	barnes	0.0359876	0.0	7139785.0	2100.0	0.4375	0.44	775867261.0	775867261
cache_dram81_remap0	cholesky	0.0332068	0.0	10462222.0	0.0	1.02	1.08	77038656.0	77038656
cache_dram81_remap0	fft	0.0337426	0.0	37350436.0	0.0	0.93	0.93	233056753.0	233056753
cache_dram81_remap0	fmm	0.10918	0.0	10362380.0	0.0	1.175	1.19	399471059.0	399471059
cache_dram81_remap0	lu.cont	0.0325556	0.0	11980276.0	0.0	0.86	0.88	302945941.0	302945941
cache_dram81_remap0	lu.ncont	0.0321859	0.0	20900192.0	0.0	0.6475	0.66	405107757.0	405107757
cache_dram81_remap0	radix	0.0544209	0.0	1376509.0	0.0	0.38	0.38	41835266.0	41835266
cache_dram81_remap0	raytrace	0.0467325	0.0	14442029.0	0.0	0.52	0.53	358979958.0	358979958
cache_dram81_remap0	water.nsq	0.0773592	0.0	4293658.0	0.0	0.88	0.91	532835214.0	532835214
cache_dram81_remap0	water.sp	0.0396301	0.0	2883861.0	0.0	0.97	1.05	202408796.0	202408796
cache_dram81_remap1g	barnes	0.0360949	0.0	7147262.0	2103.0	0.4375	0.44	775364828.0	775364828
cache_dram81_remap1g	cholesky	0.0332789	0.0	10464074.0	0.0	1.0275	1.09	76795407.0	76795407
cache_dram81_remap1g	fft	0.0338133	0.0	37350252.0	0.0	0.94	0.94	230149653.0	230149653
cache_dram81_remap1g	fmm	0.109792	0.0	10362269.0	0.0	1.175	1.19	399516959.0	399516959
cache_dram81_remap1g	lu.cont	0.0325701	0.0	11982628.0	0.0	0.86	0.88	301611325.0	301611325
cache_dram81_remap1g	lu.ncont	0.0323471	0.0	20941369.0	0.0	0.6475	0.66	404072686.0	404072686
cache_dram81_remap1g	radix	0.0542037	0.0	1375476.0	0.0	0.38	0.38	41882799.0	41882799
cache_dram81_remap1g	raytrace	0.0468566	0.0	14513478.0	0.0	0.53	0.54	354413019.0	354413019
cache_dram81_remap1g	water.nsq	0.0807485	0.0	4285774.0	0.0	0.8825	0.91	532191282.0	532191282
cache_dram81_remap1g	water.sp	0.0380928	0.0	2872110.0	0.0	0.98	1.06	200797596.0	200797596
cache_dram81_remap1l	barnes	0.0363578	0.0	7143838.0	4199.0	0.44	0.45	773334261.0	773334261
cache_dram81_remap1l	cholesky	0.033301	0.0	10458936.0	0.0	1.0275	1.09	76815856.0	76815856
cache_dram81_remap1l	fft	0.0337679	0.0	37352317.0	0.0	0.93	0.93	231493553.0	231493553
cache_dram81_remap1l	fmm	0.108656	0.0	10373994.0	0.0	1.17	1.18	401533164.0	401533164
cache_dram81_remap1l	lu.cont	0.0325105	0.0	11982865.0	0.0	0.86	0.88	302964962.0	302964962
cache_dram81_remap1l	lu.ncont	0.0320775	0.0	20911356.0	0.0	0.6475	0.66	405062129.0	405062129
cache_dram81_remap1l	radix	0.054293	0.0	1376542.0	0.0	0.38	0.38	41883368.0	41883368
cache_dram81_remap1l	raytrace	0.0448004	0.0	14492904.0	2433.0	0.5275	0.53	357052858.0	357052858
cache_dram81_remap1l	water.nsq	0.0808053	0.0	4282269.0	0.0	0.8875	0.92	529144869.0	529144869
cache_dram81_remap1l	water.sp	0.0395942	0.0	2883221.0	0.0	0.98	1.06	200768328.0	200768328
cache_dram82_no-remap	barnes	0.035795	5738.0	7136574.0	0.0	0.47	0.48	719792028.0	719792028
cache_dram82_no-remap	cholesky	0.0331566	437.0	10456174.0	0.0	1.155	1.22	68610270.0	68610270
cache_dram82_no-remap	fft	0.0337433	203.0	37351810.0	0.0	1.07	1.07	200603955.0	200603955
cache_dram82_no-remap	fmm	0.109045	2593.0	10371897.0	0.0	1.3	1.31	361249503.0	361249503
cache_dram82_no-remap	lu.cont	0.0325555	0.0	11984229.0	0.0	0.97	0.99	267455572.0	267455572
cache_dram82_no-remap	lu.ncont	0.0319387	0.0	20990669.0	0.0	0.79	0.81	333099486.0	333099486
cache_dram82_no-remap	radix	0.0540075	5.0	1376056.0	0.0	0.4	0.4	40052606.0	40052606
cache_dram82_no-remap	raytrace	0.0471171	533.0	14513177.0	0.0	0.57	0.58	330298419.0	330298419
cache_dram82_no-remap	water.nsq	0.0807848	0.0	4281864.0	0.0	0.9475	0.98	495694682.0	495694682
cache_dram82_no-remap	water.sp	0.0385782	0.0	2882212.0	0.0	1.065	1.15	184339096.0	184339096
cache_dram82_remap0	barnes	0.036924	0.0	7133491.0	6288.0	0.4725	0.48	718838383.0	718838383
cache_dram82_remap0	cholesky	0.0335256	0.0	10465185.0	2300.0	1.1675	1.24	67800507.0	67800507
cache_dram82_remap0	fft	0.0340032	0.0	37347550.0	3636.0	1.08	1.08	199503253.0	199503253
cache_dram82_remap0	fmm	0.109436	0.0	10367409.0	2111.0	1.3	1.31	361249164.0	361249164
cache_dram82_remap0	lu.cont	0.0325006	0.0	11983059.0	0.0	0.9775	1.0	265930478.0	265930478
cache_dram82_remap0	lu.ncont	0.0319599	0.0	21017573.0	0.0	0.79	0.81	333450357.0	333450357
cache_dram82_remap0	radix	0.0543537	0.0	1376665.0	2116.0	0.4	0.4	40037866.0	40037866
cache_dram82_remap0	raytrace	0.0463324	0.0	14475941.0	4493.0	0.57	0.58	328359619.0	328359619
cache_dram82_remap0	water.nsq	0.0784041	0.0	4333267.0	0.0	0.9475	0.98	495323814.0	495323814
cache_dram82_remap0	water.sp	0.03855	0.0	2876768.0	0.0	1.065	1.15	184356996.0	184356996
cache_dram82_remap1g	barnes	0.0359706	0.0	7144535.0	2108.0	0.47	0.48	720888645.0	720888645
cache_dram82_remap1g	cholesky	0.0335416	0.0	10461480.0	2308.0	1.175	1.24	67406658.0	67406658
cache_dram82_remap1g	fft	0.0339134	0.0	37350197.0	3636.0	1.08	1.08	199909076.0	199909076
cache_dram82_remap1g	fmm	0.109147	0.0	10374279.0	2095.0	1.3	1.31	361274363.0	361274363
cache_dram82_remap1g	lu.cont	0.0325231	0.0	11987531.0	0.0	0.9725	1.0	266749688.0	266749688
cache_dram82_remap1g	lu.ncont	0.0319806	0.0	20981926.0	0.0	0.7825	0.8	334258866.0	334258866
cache_dram82_remap1g	radix	0.0543096	0.0	1375346.0	2116.0	0.4	0.4	40118099.0	40118099
cache_dram82_remap1g	raytrace	0.0463581	0.0	14592147.0	4491.0	0.57	0.58	329739406.0	329739406
cache_dram82_remap1g	water.nsq	0.0771051	0.0	4289195.0	0.0	0.9475	0.98	496085114.0	496085114
cache_dram82_remap1g	water.sp	0.0400679	0.0	2887457.0	0.0	1.05	1.14	186676496.0	186676496
cache_dram82_remap1l	barnes	0.0361897	0.0	7147325.0	2108.0	0.4675	0.47	727854945.0	727854945
cache_dram82_remap1l	cholesky	0.0333102	0.0	10464974.0	2304.0	1.155	1.22	68614670.0	68614670
cache_dram82_remap1l	fft	0.0339354	0.0	37352250.0	3636.0	1.08	1.08	200161955.0	200161955
cache_dram82_remap1l	fmm	0.109527	0.0	10369028.0	0.0	1.3	1.31	361529663.0	361529663
cache_dram82_remap1l	lu.cont	0.0325162	0.0	11988723.0	0.0	0.97	0.99	268513362.0	268513362
cache_dram82_remap1l	lu.ncont	0.0323593	0.0	21034098.0	0.0	0.7825	0.8	334832810.0	334832810
cache_dram82_remap1l	radix	0.0543643	0.0	1376295.0	2116.0	0.4	0.4	40046919.0	40046919
cache_dram82_remap1l	raytrace	0.0467866	0.0	14467562.0	4495.0	0.57	0.58	327588319.0	327588319
cache_dram82_remap1l	water.nsq	0.0807499	0.0	4281249.0	0.0	0.9475	0.98	496877145.0	496877145
cache_dram82_remap1l	water.sp	0.0383841	0.0	2882606.0	0.0	1.045	1.13	187143128.0	187143128
cache_dram83_no-remap	barnes	0.0356823	3641.0	7141932.0	0.0	0.5175	0.52	658994161.0	658994161
cache_dram83_no-remap	cholesky	0.0332624	3406.0	10462607.0	0.0	1.3	1.39	61490227.0	61490227
cache_dram83_no-remap	fft	0.0338234	6903.0	37344019.0	0.0	1.26	1.26	170571953.0	170571953
cache_dram83_no-remap	fmm	0.109305	12234.0	10357186.0	0.0	1.4	1.41	335520464.0	335520464
cache_dram83_no-remap	lu.cont	0.0325268	0.0	11977775.0	0.0	1.0925	1.12	237882499.0	237882499
cache_dram83_no-remap	lu.ncont	0.0322037	706.0	21048774.0	0.0	0.91	0.93	287293066.0	287293066
cache_dram83_no-remap	radix	0.0543762	22.0	1375288.0	0.0	0.4	0.4	40079574.0	40079574
cache_dram83_no-remap	raytrace	0.0467319	713.0	14440752.0	0.0	0.62	0.63	303823558.0	303823558
cache_dram83_no-remap	water.nsq	0.0813155	34.0	4292580.0	0.0	1.01	1.05	465110782.0	465110782
cache_dram83_no-remap	water.sp	0.0384036	14.0	2876336.0	0.0	1.09	1.18	179393296.0	179393296
cache_dram83_remap0	barnes	0.0371839	0.0	7133155.0	12442.0	0.52	0.53	656039628.0	656039628
cache_dram83_remap0	cholesky	0.0337197	0.0	10458561.0	4412.0	1.2725	1.36	62142356.0	62142356
cache_dram83_remap0	fft	0.0346725	0.0	37334639.0	9080.0	1.26	1.26	171358853.0	171358853
cache_dram83_remap0	fmm	0.111479	0.0	10353707.0	86827.0	1.395	1.41	336977403.0	336977403
cache_dram83_remap0	lu.cont	0.0325889	0.0	11984182.0	0.0	1.0875	1.11	238853662.0	238853662
cache_dram83_remap0	lu.ncont	0.0319038	0.0	21029565.0	2116.0	0.92	0.94	285765266.0	285765266
cache_dram83_remap0	radix	0.0543989	0.0	1376571.0	2115.0	0.4	0.4	40067118.0	40067118
cache_dram83_remap0	raytrace	0.0470956	0.0	14455072.0	8591.0	0.61	0.62	306197458.0	306197458
cache_dram83_remap0	water.nsq	0.080615	0.0	4289729.0	4117.0	1.0125	1.05	464070714.0	464070714
cache_dram83_remap0	water.sp	0.0389925	0.0	2878150.0	2048.0	1.1	1.19	178484196.0	178484196
cache_dram83_remap1g	barnes	0.0369515	0.0	7144453.0	8354.0	0.52	0.53	655644128.0	655644128
cache_dram83_remap1g	cholesky	0.0334968	0.0	10458044.0	4400.0	1.2875	1.38	61367527.0	61367527
cache_dram83_remap1g	fft	0.0341336	0.0	37349484.0	6440.0	1.25	1.25	172133153.0	172133153
cache_dram83_remap1g	fmm	0.113316	0.0	10372220.0	80695.0	1.3975	1.41	335999359.0	335999359
cache_dram83_remap1g	lu.cont	0.0325366	0.0	11982305.0	0.0	1.0925	1.12	237988362.0	237988362
cache_dram83_remap1g	lu.ncont	0.0318719	0.0	21000188.0	4228.0	0.92	0.94	285975829.0	285975829
cache_dram83_remap1g	radix	0.0542218	0.0	1376711.0	2116.0	0.4	0.4	40120599.0	40120599
cache_dram83_remap1g	raytrace	0.0480932	0.0	14570134.0	8591.0	0.6	0.61	311094358.0	311094358
cache_dram83_remap1g	water.nsq	0.0770611	0.0	4289086.0	0.0	1.0175	1.05	462731245.0	462731245
cache_dram83_remap1g	water.sp	0.0388102	0.0	2873737.0	2065.0	1.09	1.18	179733196.0	179733196
cache_dram83_remap1l	barnes	0.0375727	0.0	7141310.0	12448.0	0.52	0.53	652764428.0	652764428
cache_dram83_remap1l	cholesky	0.0334848	0.0	10455763.0	4406.0	1.2725	1.36	62146856.0	62146856
cache_dram83_remap1l	fft	0.0345228	0.0	37348458.0	11148.0	1.25	1.25	172910876.0	172910876
cache_dram83_remap1l	fmm	0.112964	0.0	10372883.0	78586.0	1.3975	1.41	336265563.0	336265563
cache_dram83_remap1l	lu.cont	0.0325848	0.0	11985547.0	0.0	1.0875	1.11	238711688.0	238711688
cache_dram83_remap1l	lu.ncont	0.0324355	0.0	21105107.0	6273.0	0.91	0.93	288491929.0	288491929
cache_dram83_remap1l	radix	0.0545588	0.0	1375649.0	2115.0	0.4	0.4	40084674.0	40084674
cache_dram83_remap1l	raytrace	0.0481267	0.0	14554679.0	12690.0	0.605	0.61	309829219.0	309829219
cache_dram83_remap1l	water.nsq	0.0869702	0.0	4286327.0	4117.0	1.0125	1.05	463965682.0	463965682
cache_dram83_remap1l	water.sp	0.0387757	0.0	2876359.0	2048.0	1.0975	1.19	178901196.0	178901196
cache_dram84_no-remap	barnes	0.0357607	4538.0	7144765.0	0.0	0.56	0.57	607990283.0	607990283
cache_dram84_no-remap	cholesky	0.0333319	4698.0	10455607.0	0.0	1.4225	1.53	56183055.0	56183055
cache_dram84_no-remap	fft	0.0337308	38219.0	37312395.0	0.0	1.41	1.41	152415955.0	152415955
cache_dram84_no-remap	fmm	0.109078	21846.0	10348493.0	0.0	1.495	1.51	314412903.0	314412903
cache_dram84_no-remap	lu.cont	0.0325093	1736.0	11978570.0	0.0	1.21	1.24	215096572.0	215096572
cache_dram84_no-remap	lu.ncont	0.0321569	11344.0	21128093.0	0.0	1.025	1.05	255846710.0	255846710
cache_dram84_no-remap	radix	0.0543041	1633.0	1373788.0	0.0	0.4	0.4	39930006.0	39930006
cache_dram84_no-remap	raytrace	0.0467489	3313.0	14524359.0	0.0	0.65	0.66	287965406.0	287965406
cache_dram84_no-remap	water.nsq	0.080727	10269.0	4271103.0	0.0	1.08	1.12	435236682.0	435236682
cache_dram84_no-remap	water.sp	0.0382849	10797.0	2866986.0	0.0	1.1875	1.29	165120296.0	165120296
cache_dram84_remap0	barnes	0.0376283	0.0	7138886.0	12434.0	0.56	0.57	606175045.0	606175045
cache_dram84_remap0	cholesky	0.0343616	0.0	10463310.0	8548.0	1.4125	1.52	56399758.0	56399758
cache_dram84_remap0	fft	0.035268	0.0	37318666.0	23295.0	1.4	1.4	153766953.0	153766953
cache_dram84_remap0	fmm	0.115211	0.0	10333974.0	264469.0	1.5	1.51	312927763.0	312927763
cache_dram84_remap0	lu.cont	0.0327455	0.0	11978526.0	10508.0	1.21	1.24	215162362.0	215162362
cache_dram84_remap0	lu.ncont	0.032971	0.0	21081628.0	35533.0	1.02	1.04	257161686.0	257161686
cache_dram84_remap0	radix	0.0554259	0.0	1373576.0	2116.0	0.4	0.4	39936099.0	39936099
cache_dram84_remap0	raytrace	0.048482	0.0	14421136.0	35218.0	0.65	0.66	287626877.0	287626877
cache_dram84_remap0	water.nsq	0.121272	0.0	4221500.0	297428.0	1.07	1.11	438460614.0	438460614
cache_dram84_remap0	water.sp	0.0534005	0.0	2852157.0	116787.0	1.1775	1.28	166536296.0	166536296
cache_dram84_remap1g	barnes	0.0372144	0.0	7137122.0	12472.0	0.56	0.57	609521128.0	609521128
cache_dram84_remap1g	cholesky	0.0334563	0.0	10457837.0	8529.0	1.4125	1.52	56466255.0	56466255
cache_dram84_remap1g	fft	0.0342233	0.0	37350876.0	27292.0	1.41	1.41	153264853.0	153264853
cache_dram84_remap1g	fmm	0.117709	0.0	10357271.0	266397.0	1.4975	1.51	313379459.0	313379459
cache_dram84_remap1g	lu.cont	0.0325474	0.0	11984134.0	8428.0	1.21	1.24	215202241.0	215202241
cache_dram84_remap1g	lu.ncont	0.0328087	0.0	21110590.0	30925.0	1.0225	1.05	255975486.0	255975486
cache_dram84_remap1g	radix	0.0554279	0.0	1375315.0	2116.0	0.4	0.4	39950199.0	39950199
cache_dram84_remap1g	raytrace	0.0469976	0.0	14455295.0	39311.0	0.65	0.66	287254321.0	287254321
cache_dram84_remap1g	water.nsq	0.128363	0.0	4217699.0	397822.0	1.08	1.12	435391814.0	435391814
cache_dram84_remap1g	water.sp	0.0628645	0.0	2853214.0	149589.0	1.185	1.28	165536496.0	165536496
cache_dram84_remap1l	barnes	0.0375234	0.0	7142477.0	10427.0	0.56	0.57	608744045.0	608744045
cache_dram84_remap1l	cholesky	0.0335016	0.0	10469762.0	4400.0	1.41	1.51	56941255.0	56941255
cache_dram84_remap1l	fft	0.0345018	0.0	37350533.0	22912.0	1.43	1.43	151238453.0	151238453
cache_dram84_remap1l	fmm	0.11515	0.0	10357159.0	235233.0	1.4875	1.5	315378559.0	315378559
cache_dram84_remap1l	lu.cont	0.0325503	0.0	11986305.0	10520.0	1.2025	1.23	215612388.0	215612388
cache_dram84_remap1l	lu.ncont	0.0324905	0.0	21140183.0	29269.0	1.0225	1.05	256021629.0	256021629
cache_dram84_remap1l	radix	0.0554456	0.0	1373802.0	2115.0	0.4	0.4	39943281.0	39943281
cache_dram84_remap1l	raytrace	0.0474882	0.0	14382542.0	43387.0	0.65	0.66	287615494.0	287615494
cache_dram84_remap1l	water.nsq	0.136724	0.0	4208136.0	492077.0	1.0725	1.11	437481645.0	437481645
cache_dram84_remap1l	water.sp	0.0559635	0.0	2861945.0	120900.0	1.1775	1.28	166463496.0	166463496
cache_dram85_no-remap	barnes	0.0358014	13274.0	7134540.0	0.0	0.59	0.6	575814283.0	575814283
cache_dram85_no-remap	cholesky	0.0332382	9741.0	10454602.0	0.0	1.5425	1.67	51595227.0	51595227
cache_dram85_no-remap	fft	0.0337677	48055.0	37304486.0	0.0	1.52	1.52	141878853.0	141878853
cache_dram85_no-remap	fmm	0.109176	46267.0	10323094.0	0.0	1.5975	1.61	294663503.0	294663503
cache_dram85_no-remap	lu.cont	0.0325126	17221.0	11968530.0	0.0	1.3	1.33	200227899.0	200227899
cache_dram85_no-remap	lu.ncont	0.0321847	21816.0	21068344.0	0.0	1.1125	1.14	235267510.0	235267510
cache_dram85_no-remap	radix	0.0543768	1441.0	1374983.0	0.0	0.4	0.4	39984174.0	39984174
cache_dram85_no-remap	raytrace	0.0470092	12822.0	14367445.0	0.0	0.69	0.7	270358919.0	270358919
cache_dram85_no-remap	water.nsq	0.0810374	45096.0	4238716.0	0.0	1.1325	1.18	414563882.0	414563882
cache_dram85_no-remap	water.sp	0.0382288	25467.0	2850621.0	0.0	1.23	1.33	159534496.0	159534496
cache_dram85_remap0	barnes	0.0432268	0.0	7116695.0	271680.0	0.5825	0.59	582255345.0	582255345
cache_dram85_remap0	cholesky	0.0346689	0.0	10456008.0	8482.0	1.5375	1.67	51618156.0	51618156
cache_dram85_remap0	fft	0.0376571	0.0	37261791.0	21117.0	1.54	1.54	140026353.0	140026353
cache_dram85_remap0	fmm	0.119441	0.0	10311021.0	607631.0	1.5975	1.61	293708464.0	293708464
cache_dram85_remap0	lu.cont	0.0347131	0.0	11952694.0	41553.0	1.29	1.32	201511125.0	201511125
cache_dram85_remap0	lu.ncont	0.0343226	0.0	21040924.0	16459.0	1.1175	1.14	234599310.0	234599310
cache_dram85_remap0	radix	0.0552089	0.0	1373822.0	2115.0	0.4	0.4	39968266.0	39968266
cache_dram85_remap0	raytrace	0.0518914	0.0	14474988.0	85876.0	0.6825	0.7	274667045.0	274667045
cache_dram85_remap0	water.nsq	0.160683	0.0	4150527.0	1377270.0	1.1225	1.16	418243569.0	418243569
cache_dram85_remap0	water.sp	0.0784445	0.0	2822715.0	440456.0	1.22	1.32	160472796.0	160472796
cache_dram85_remap1g	barnes	0.0446294	0.0	7132894.0	247101.0	0.585	0.59	581573128.0	581573128
cache_dram85_remap1g	cholesky	0.0333987	0.0	10456808.0	2308.0	1.54	1.67	51644856.0	51644856
cache_dram85_remap1g	fft	0.0346489	0.0	37352569.0	20016.0	1.56	1.56	138233653.0	138233653
cache_dram85_remap1g	fmm	0.124134	0.0	10342056.0	637902.0	1.595	1.61	294981963.0	294981963
cache_dram85_remap1g	lu.cont	0.0326419	0.0	11980096.0	39449.0	1.2975	1.33	200555504.0	200555504
cache_dram85_remap1g	lu.ncont	0.0324551	0.0	21068649.0	8346.0	1.1225	1.15	233374286.0	233374286
cache_dram85_remap1g	radix	0.0551663	0.0	1375567.0	2116.0	0.4	0.4	39978899.0	39978899
cache_dram85_remap1g	raytrace	0.049449	0.0	14772607.0	77189.0	0.68	0.69	275980458.0	275980458
cache_dram85_remap1g	water.nsq	0.198071	0.0	4121898.0	1414181.0	1.125	1.17	417903069.0	417903069
cache_dram85_remap1g	water.sp	0.100311	0.0	2818128.0	479385.0	1.2525	1.36	156272696.0	156272696
cache_dram85_remap1l	barnes	0.0435981	0.0	7124757.0	230600.0	0.59	0.6	577338128.0	577338128
cache_dram85_remap1l	cholesky	0.0334265	0.0	10469087.0	14893.0	1.535	1.66	51787958.0	51787958
cache_dram85_remap1l	fft	0.0346583	0.0	37350892.0	23525.0	1.55	1.55	139240653.0	139240653
cache_dram85_remap1l	fmm	0.122975	0.0	10346107.0	596928.0	1.5875	1.6	296097559.0	296097559
cache_dram85_remap1l	lu.cont	0.032589	0.0	11980645.0	41561.0	1.29	1.32	202048341.0	202048341
cache_dram85_remap1l	lu.ncont	0.0333669	0.0	21061240.0	8320.0	1.1175	1.14	234559229.0	234559229
cache_dram85_remap1l	radix	0.055126	0.0	1375652.0	2116.0	0.4	0.4	39989887.0	39989887
cache_dram85_remap1l	raytrace	0.0511733	0.0	14460476.0	92715.0	0.6825	0.7	274616119.0	274616119
cache_dram85_remap1l	water.nsq	0.201672	0.0	4126318.0	1576053.0	1.13	1.17	415159314.0	415159314
cache_dram85_remap1l	water.sp	0.0851723	0.0	2823822.0	426120.0	1.215	1.32	161489496.0	161489496
cache_dram86_no-remap	barnes	0.0357431	251089.0	6896069.0	0.0	0.6225	0.63	545299928.0	545299928
cache_dram86_no-remap	cholesky	0.0332562	13982.0	10456991.0	0.0	1.615	1.76	48656158.0	48656158
cache_dram86_no-remap	fft	0.0337717	161993.0	37190172.0	0.0	1.66	1.66	129724953.0	129724953
cache_dram86_no-remap	fmm	0.109	95525.0	10275306.0	0.0	1.655	1.67	284002664.0	284002664
cache_dram86_no-remap	lu.cont	0.0325461	39402.0	11940684.0	0.0	1.4	1.43	185416099.0	185416099
cache_dram86_no-remap	lu.ncont	0.0320953	78778.0	21062416.0	0.0	1.2	1.23	219038857.0	219038857
cache_dram86_no-remap	radix	0.054316	1490.0	1373984.0	0.0	0.4	0.4	39859674.0	39859674
cache_dram86_no-remap	raytrace	0.0459276	69603.0	14554748.0	0.0	0.725	0.74	259737958.0	259737958
cache_dram86_no-remap	water.nsq	0.080901	146635.0	4139660.0	0.0	1.2	1.24	391487882.0	391487882
cache_dram86_no-remap	water.sp	0.0391698	75689.0	2804223.0	0.0	1.3075	1.42	150068028.0	150068028
cache_dram86_remap0	barnes	0.104182	0.0	6724835.0	255758.0	0.62	0.63	546867145.0	546867145
cache_dram86_remap0	cholesky	0.0384802	0.0	10429744.0	47250.0	1.5775	1.73	48875607.0	48875607
cache_dram86_remap0	fft	0.0416475	0.0	37173476.0	113751.0	1.64	1.64	131739053.0	131739053
cache_dram86_remap0	fmm	0.12928	0.0	10229230.0	1070650.0	1.6425	1.66	286291864.0	286291864
cache_dram86_remap0	lu.cont	0.0362849	0.0	11938555.0	10558.0	1.3975	1.43	185984562.0	185984562
cache_dram86_remap0	lu.ncont	0.0356603	0.0	21019046.0	2116.0	1.21	1.24	216348386.0	216348386
cache_dram86_remap0	radix	0.0553862	0.0	1372273.0	2116.0	0.4	0.4	39874176.0	39874176
cache_dram86_remap0	raytrace	0.0748043	0.0	14331774.0	303365.0	0.725	0.74	259153326.0	259153326
cache_dram86_remap0	water.nsq	0.192098	0.0	4023986.0	1393942.0	1.19	1.23	394512069.0	394512069
cache_dram86_remap0	water.sp	0.103952	0.0	2738624.0	559325.0	1.3	1.41	150759996.0	150759996
cache_dram86_remap1g	barnes	0.129469	0.0	7005602.0	248242.0	0.63	0.64	541669891.0	541669891
cache_dram86_remap1g	cholesky	0.0335619	0.0	10467717.0	13570.0	1.6025	1.75	49351722.0	49351722
cache_dram86_remap1g	fft	0.0355594	0.0	37348208.0	85909.0	1.65	1.65	130615655.0	130615655
cache_dram86_remap1g	fmm	0.133063	0.0	10320035.0	1066551.0	1.6425	1.66	286356759.0	286356759
cache_dram86_remap1g	lu.cont	0.0325941	0.0	11981666.0	8452.0	1.4	1.43	185582241.0	185582241
cache_dram86_remap1g	lu.ncont	0.0338812	0.0	21131758.0	2116.0	1.2	1.23	218266929.0	218266929
cache_dram86_remap1g	radix	0.0553023	0.0	1374928.0	2116.0	0.4	0.4	39853487.0	39853487
cache_dram86_remap1g	raytrace	0.0621973	0.0	14440467.0	246881.0	0.7175	0.73	260515477.0	260515477
cache_dram86_remap1g	water.nsq	0.251521	0.0	4059750.0	1424641.0	1.195	1.24	393310582.0	393310582
cache_dram86_remap1g	water.sp	0.129098	0.0	2792331.0	442557.0	1.315	1.42	149210496.0	149210496
cache_dram86_remap1l	barnes	0.126814	0.0	6912842.0	257177.0	0.6225	0.63	544909483.0	544909483
cache_dram86_remap1l	cholesky	0.0340431	0.0	10457347.0	42871.0	1.595	1.75	48112756.0	48112756
cache_dram86_remap1l	fft	0.0364632	0.0	37346625.0	95819.0	1.69	1.69	127923053.0	127923053
cache_dram86_remap1l	fmm	0.136789	0.0	10307267.0	1113519.0	1.655	1.67	284259064.0	284259064
cache_dram86_remap1l	lu.cont	0.0325773	0.0	11988884.0	12644.0	1.39	1.42	186677462.0	186677462
cache_dram86_remap1l	lu.ncont	0.0333584	0.0	21097811.0	6280.0	1.21	1.24	216327359.0	216327359
cache_dram86_remap1l	radix	0.0551283	0.0	1373944.0	2116.0	0.4	0.4	39837787.0	39837787
cache_dram86_remap1l	raytrace	0.0628173	0.0	14501799.0	294767.0	0.715	0.73	262774106.0	262774106
cache_dram86_remap1l	water.nsq	0.234115	0.0	4063186.0	1475837.0	1.195	1.24	393388582.0	393388582
cache_dram86_remap1l	water.sp	0.111545	0.0	2797055.0	575693.0	1.2975	1.41	150965996.0	150965996
cache_dram87_no-remap	barnes	0.0356208	489289.0	6656914.0	0.0	0.65	0.66	522560283.0	522560283
cache_dram87_no-remap	cholesky	0.0331937	39049.0	10430663.0	0.0	1.6825	1.85	45886527.0	45886527
cache_dram87_no-remap	fft	0.033857	178680.0	37173348.0	0.0	1.78	1.78	120879853.0	120879853
cache_dram87_no-remap	fmm	0.109375	172677.0	10191806.0	0.0	1.7775	1.79	264668364.0	264668364
cache_dram87_no-remap	lu.cont	0.032537	120399.0	11858092.0	0.0	1.4925	1.53	174045178.0	174045178
cache_dram87_no-remap	lu.ncont	0.0322806	113455.0	21032053.0	0.0	1.29	1.32	202941110.0	202941110
cache_dram87_no-remap	radix	0.0544027	1486.0	1372370.0	0.0	0.4	0.4	39851086.0	39851086
cache_dram87_no-remap	raytrace	0.046159	254169.0	14198270.0	0.0	0.75	0.76	249205326.0	249205326
cache_dram87_no-remap	water.nsq	0.0824921	311087.0	3993694.0	0.0	1.2625	1.31	372048837.0	372048837
cache_dram87_no-remap	water.sp	0.0419309	152224.0	2720920.0	0.0	1.365	1.48	143702796.0	143702796
cache_dram87_remap0	barnes	0.163351	0.0	6358223.0	404484.0	0.65	0.66	524883691.0	524883691
cache_dram87_remap0	cholesky	0.0408225	0.0	10423507.0	89803.0	1.6775	1.84	45924556.0	45924556
cache_dram87_remap0	fft	0.0476806	0.0	37052285.0	255505.0	1.77	1.77	121832353.0	121832353
cache_dram87_remap0	fmm	0.152296	0.0	9981220.0	577085.0	1.765	1.78	266425164.0	266425164
cache_dram87_remap0	lu.cont	0.0460767	0.0	11833476.0	405490.0	1.4825	1.52	175173525.0	175173525
cache_dram87_remap0	lu.ncont	0.0411299	0.0	21026161.0	256980.0	1.29	1.32	203110233.0	203110233
cache_dram87_remap0	radix	0.0554413	0.0	1373928.0	2116.0	0.4	0.4	39839598.0	39839598
cache_dram87_remap0	raytrace	0.125301	0.0	14003640.0	439060.0	0.755	0.77	248673658.0	248673658
cache_dram87_remap0	water.nsq	0.244252	0.0	3788199.0	581682.0	1.2625	1.31	371901782.0	371901782
cache_dram87_remap0	water.sp	0.14031	0.0	2629348.0	420200.0	1.3725	1.49	142666996.0	142666996
cache_dram87_remap1g	barnes	0.18505	0.0	6902911.0	404526.0	0.65	0.66	524625861.0	524625861
cache_dram87_remap1g	cholesky	0.0353353	0.0	10463329.0	92097.0	1.68	1.85	45996356.0	45996356
cache_dram87_remap1g	fft	0.0384103	0.0	37334619.0	313060.0	1.76	1.76	122805253.0	122805253
cache_dram87_remap1g	fmm	0.14634	0.0	10302987.0	743310.0	1.7625	1.78	266824464.0	266824464
cache_dram87_remap1g	lu.cont	0.0336345	0.0	11989539.0	455527.0	1.4925	1.53	174351278.0	174351278
cache_dram87_remap1g	lu.ncont	0.0363698	0.0	21145626.0	198361.0	1.28	1.31	205314085.0	205314085
cache_dram87_remap1g	radix	0.0551287	0.0	1374476.0	2116.0	0.4	0.4	39836499.0	39836499
cache_dram87_remap1g	raytrace	0.0734578	0.0	14386578.0	567030.0	0.745	0.76	251221158.0	251221158
cache_dram87_remap1g	water.nsq	0.332458	0.0	3957016.0	591993.0	1.2625	1.31	372813882.0	372813882
cache_dram87_remap1g	water.sp	0.163129	0.0	2756058.0	442711.0	1.3625	1.48	143828996.0	143828996
cache_dram87_remap1l	barnes	0.184197	0.0	6639983.0	388270.0	0.65	0.66	523206683.0	523206683
cache_dram87_remap1l	cholesky	0.035842	0.0	10452244.0	107981.0	1.655	1.82	46936956.0	46936956
cache_dram87_remap1l	fft	0.0389724	0.0	37331279.0	270878.0	1.73	1.73	124344653.0	124344653
cache_dram87_remap1l	fmm	0.167012	0.0	10243972.0	472346.0	1.78	1.8	263723512.0	263723512
cache_dram87_remap1l	lu.cont	0.033774	0.0	11994636.0	428674.0	1.4825	1.52	175262778.0	175262778
cache_dram87_remap1l	lu.ncont	0.0382025	0.0	21123403.0	262277.0	1.29	1.32	202957029.0	202957029
cache_dram87_remap1l	radix	0.0549796	0.0	1374503.0	2116.0	0.4	0.4	39855487.0	39855487
cache_dram87_remap1l	raytrace	0.073591	0.0	14388991.0	526502.0	0.7425	0.76	251913919.0	251913919
cache_dram87_remap1l	water.nsq	0.28067	0.0	3914891.0	612329.0	1.2575	1.3	373694169.0	373694169
cache_dram87_remap1l	water.sp	0.144015	0.0	2735414.0	420166.0	1.3775	1.49	142397596.0	142397596
cache_dram88_no-remap	barnes	0.0356906	1059377.0	6092002.0	0.0	0.68	0.69	499115391.0	499115391
cache_dram88_no-remap	cholesky	0.033243	66047.0	10405084.0	0.0	1.76	1.94	44063455.0	44063455
cache_dram88_no-remap	fft	0.0337705	1121548.0	36230512.0	0.0	1.9	1.9	113785153.0	113785153
cache_dram88_no-remap	fmm	0.109348	351767.0	10018675.0	0.0	1.85	1.87	253965459.0	253965459
cache_dram88_no-remap	lu.cont	0.0325685	375321.0	11602752.0	0.0	1.5675	1.6	165900283.0	165900283
cache_dram88_no-remap	lu.ncont	0.0322004	534907.0	20641467.0	0.0	1.3625	1.4	192280233.0	192280233
cache_dram88_no-remap	radix	0.054234	1402.0	1374072.0	0.0	0.4	0.4	39856574.0	39856574
cache_dram88_no-remap	raytrace	0.0457519	593981.0	13927926.0	0.0	0.7775	0.79	240773958.0	240773958
cache_dram88_no-remap	water.nsq	0.0809108	461380.0	3821596.0	0.0	1.31	1.36	359470182.0	359470182
cache_dram88_no-remap	water.sp	0.0381095	228099.0	2648797.0	0.0	1.415	1.53	138656328.0	138656328
cache_dram88_remap0	barnes	0.201313	0.0	6127993.0	477522.0	0.68	0.69	501446891.0	501446891
cache_dram88_remap0	cholesky	0.0461331	0.0	10377269.0	199605.0	1.775	1.95	44321355.0	44321355
cache_dram88_remap0	fft	0.0786162	0.0	36280327.0	592071.0	1.83	1.83	117686553.0	117686553
cache_dram88_remap0	fmm	0.17942	0.0	9705427.0	592574.0	1.85	1.87	254132063.0	254132063
cache_dram88_remap0	lu.cont	0.0849942	0.0	11405708.0	988429.0	1.5675	1.6	165925662.0	165925662
cache_dram88_remap0	lu.ncont	0.0679237	0.0	20380765.0	961455.0	1.36	1.39	192582757.0	192582757
cache_dram88_remap0	radix	0.0553276	0.0	1372530.0	2115.0	0.4	0.4	39829326.0	39829326
cache_dram88_remap0	raytrace	0.217719	0.0	13366013.0	300508.0	0.7725	0.79	241717958.0	241717958
cache_dram88_remap0	water.nsq	0.263853	0.0	3711639.0	514257.0	1.2925	1.34	363731582.0	363731582
cache_dram88_remap0	water.sp	0.176147	0.0	2523945.0	426361.0	1.4125	1.53	138752596.0	138752596
cache_dram88_remap1g	barnes	0.229784	0.0	6843242.0	522559.0	0.675	0.68	503549591.0	503549591
cache_dram88_remap1g	cholesky	0.0367798	0.0	10452911.0	164483.0	1.7775	1.97	43728256.0	43728256
cache_dram88_remap1g	fft	0.0487604	0.0	37323653.0	573200.0	1.85	1.85	116758753.0	116758753
cache_dram88_remap1g	fmm	0.205224	0.0	10197058.0	618190.0	1.84	1.86	255372663.0	255372663
cache_dram88_remap1g	lu.cont	0.0350045	0.0	12012299.0	1019535.0	1.5575	1.59	166964299.0	166964299
cache_dram88_remap1g	lu.ncont	0.0574841	0.0	20883192.0	961526.0	1.3525	1.39	193834158.0	193834158
cache_dram88_remap1g	radix	0.0551919	0.0	1373749.0	2116.0	0.4	0.4	39830387.0	39830387
cache_dram88_remap1g	raytrace	0.0855018	0.0	14368223.0	459180.0	0.7725	0.79	242221106.0	242221106
cache_dram88_remap1g	water.nsq	0.362833	0.0	3927021.0	532732.0	1.29	1.34	364352237.0	364352237
cache_dram88_remap1g	water.sp	0.207167	0.0	2726907.0	450937.0	1.4025	1.52	139921096.0	139921096
cache_dram88_remap1l	barnes	0.235272	0.0	6428293.0	468503.0	0.68	0.69	502224691.0	502224691
cache_dram88_remap1l	cholesky	0.0379804	0.0	10447714.0	152581.0	1.73	1.9	44943455.0	44943455
cache_dram88_remap1l	fft	0.0575407	0.0	37218359.0	567990.0	1.83	1.83	117986453.0	117986453
cache_dram88_remap1l	fmm	0.205349	0.0	10059899.0	597387.0	1.835	1.85	256102964.0	256102964
cache_dram88_remap1l	lu.cont	0.042386	0.0	11932095.0	1042145.0	1.5625	1.6	166289999.0	166289999
cache_dram88_remap1l	lu.ncont	0.0587464	0.0	20905511.0	982167.0	1.36	1.39	193073786.0	193073786
cache_dram88_remap1l	radix	0.0551038	0.0	1375467.0	2116.0	0.4	0.4	39873147.0	39873147
cache_dram88_remap1l	raytrace	0.108038	0.0	14334092.0	451132.0	0.7675	0.78	244145694.0	244145694
cache_dram88_remap1l	water.nsq	0.293946	0.0	3877272.0	514201.0	1.2925	1.34	363400682.0	363400682
cache_dram88_remap1l	water.sp	0.180773	0.0	2654263.0	444764.0	1.4	1.52	140178596.0	140178596
cache_dram89_no-remap	barnes	0.0356336	1133372.0	6018058.0	0.0	0.7	0.71	485462645.0	485462645
cache_dram89_no-remap	cholesky	0.0333261	148992.0	10323066.0	0.0	1.8625	2.07	42284670.0	42284670
cache_dram89_no-remap	fft	0.0338091	1111016.0	36240053.0	0.0	1.96	1.96	109946153.0	109946153
cache_dram89_no-remap	fmm	0.109069	782443.0	9586203.0	0.0	1.9075	1.92	246258164.0	246258164
cache_dram89_no-remap	lu.cont	0.0325532	709047.0	11277663.0	0.0	1.62	1.66	160194062.0	160194062
cache_dram89_no-remap	lu.ncont	0.0319695	838646.0	20318472.0	0.0	1.44	1.47	182070758.0	182070758
cache_dram89_no-remap	radix	0.0542935	1272.0	1373999.0	0.0	0.4	0.4	39859074.0	39859074
cache_dram89_no-remap	raytrace	0.0467386	1099907.0	13355278.0	0.0	0.8025	0.82	233031300.0	233031300
cache_dram89_no-remap	water.nsq	0.079451	536294.0	3748148.0	0.0	1.3425	1.39	349299145.0	349299145
cache_dram89_no-remap	water.sp	0.0423919	317487.0	2555328.0	0.0	1.4525	1.57	135042196.0	135042196
cache_dram89_remap0	barnes	0.233914	0.0	5894622.0	454710.0	0.7025	0.71	483474545.0	483474545
cache_dram89_remap0	cholesky	0.0619122	0.0	10297206.0	162278.0	1.8425	2.05	43135407.0	43135407
cache_dram89_remap0	fft	0.111088	0.0	35430717.0	570771.0	1.92	1.92	112457953.0	112457953
cache_dram89_remap0	fmm	0.241925	0.0	9081660.0	582536.0	1.895	1.91	248340714.0	248340714
cache_dram89_remap0	lu.cont	0.152656	0.0	10622640.0	515894.0	1.62	1.66	160196262.0	160196262
cache_dram89_remap0	lu.ncont	0.0930182	0.0	19816382.0	1137561.0	1.4125	1.45	185540985.0	185540985
cache_dram89_remap0	radix	0.0552511	0.0	1374601.0	2116.0	0.4	0.4	39849870.0	39849870
cache_dram89_remap0	raytrace	0.263254	0.0	12989296.0	190696.0	0.8125	0.83	229901958.0	229901958
cache_dram89_remap0	water.nsq	0.264518	0.0	3707135.0	502008.0	1.33	1.38	352891769.0	352891769
cache_dram89_remap0	water.sp	0.201001	0.0	2448855.0	362873.0	1.43	1.55	136973196.0	136973196
cache_dram89_remap1g	barnes	0.259668	0.0	6809134.0	413729.0	0.7025	0.71	482917883.0	482917883
cache_dram89_remap1g	cholesky	0.038305	0.0	10459734.0	165090.0	1.8125	2.02	43379558.0	43379558
cache_dram89_remap1g	fft	0.0593982	0.0	37323089.0	517755.0	1.92	1.92	112450253.0	112450253
cache_dram89_remap1g	fmm	0.264788	0.0	10099624.0	543600.0	1.8925	1.91	248396406.0	248396406
cache_dram89_remap1g	lu.cont	0.0349513	0.0	12019734.0	832159.0	1.5975	1.63	162690462.0	162690462
cache_dram89_remap1g	lu.ncont	0.0755952	0.0	20641819.0	1135211.0	1.41	1.44	186165910.0	186165910
cache_dram89_remap1g	radix	0.0549219	0.0	1376604.0	2115.0	0.4	0.4	39841120.0	39841120
cache_dram89_remap1g	raytrace	0.0943447	0.0	14302963.0	413144.0	0.7975	0.81	234353291.0	234353291
cache_dram89_remap1g	water.nsq	0.373579	0.0	3899896.0	495846.0	1.3325	1.38	351949814.0	351949814
cache_dram89_remap1g	water.sp	0.209097	0.0	2720566.0	334201.0	1.43	1.55	136928396.0	136928396
cache_dram89_remap1l	barnes	0.249149	0.0	6337613.0	529097.0	0.6975	0.71	487926561.0	487926561
cache_dram89_remap1l	cholesky	0.0435827	0.0	10432281.0	156088.0	1.855	2.07	42606370.0	42606370
cache_dram89_remap1l	fft	0.0588873	0.0	37177403.0	549526.0	1.89	1.89	114068953.0	114068953
cache_dram89_remap1l	fmm	0.258679	0.0	9634845.0	586063.0	1.875	1.89	250303063.0	250303063
cache_dram89_remap1l	lu.cont	0.0531786	0.0	11829468.0	788485.0	1.6075	1.64	161665562.0	161665562
cache_dram89_remap1l	lu.ncont	0.0765647	0.0	20568447.0	1114978.0	1.41	1.44	186266129.0	186266129
cache_dram89_remap1l	radix	0.0550461	0.0	1374061.0	2116.0	0.4	0.4	39851247.0	39851247
cache_dram89_remap1l	raytrace	0.16876	0.0	13795447.0	292606.0	0.805	0.82	232368119.0	232368119
cache_dram89_remap1l	water.nsq	0.300178	0.0	3830415.0	497803.0	1.33	1.38	352936869.0	352936869
cache_dram89_remap1l	water.sp	0.199582	0.0	2586996.0	409948.0	1.4275	1.55	137401496.0	137401496
cache_dram90_no-remap	barnes	0.035713	1062837.0	6079218.0	0.0	0.705	0.71	482482728.0	482482728
cache_dram90_no-remap	cholesky	0.0333443	185871.0	10284938.0	0.0	1.915	2.13	41106570.0	41106570
cache_dram90_no-remap	fft	0.0338112	3066775.0	34284341.0	0.0	2.07	2.07	104171753.0	104171753
cache_dram90_no-remap	fmm	0.109376	1535806.0	8831257.0	0.0	1.965	1.98	239106259.0	239106259
cache_dram90_no-remap	lu.cont	0.0325252	1498232.0	10485639.0	0.0	1.71	1.75	152188199.0	152188199
cache_dram90_no-remap	lu.ncont	0.0318519	1681359.0	19480958.0	0.0	1.4975	1.53	175025586.0	175025586
cache_dram90_no-remap	radix	0.0542788	1435.0	1374202.0	0.0	0.4	0.4	39851086.0	39851086
cache_dram90_no-remap	raytrace	0.0460604	1510664.0	12961059.0	0.0	0.83	0.85	226141477.0	226141477
cache_dram90_no-remap	water.nsq	0.0807887	542376.0	3739372.0	0.0	1.3525	1.4	347374182.0	347374182
cache_dram90_no-remap	water.sp	0.0387228	360419.0	2517304.0	0.0	1.48	1.6	132453796.0	132453796
cache_dram90_remap0	barnes	0.237161	0.0	5875466.0	503671.0	0.7	0.71	485728645.0	485728645
cache_dram90_remap0	cholesky	0.0786214	0.0	10185285.0	144819.0	1.9025	2.11	41710556.0	41710556
cache_dram90_remap0	fft	0.158124	0.0	34189118.0	440761.0	1.96	1.96	109793953.0	109793953
cache_dram90_remap0	fmm	0.283419	0.0	8613032.0	320796.0	1.955	1.97	240704964.0	240704964
cache_dram90_remap0	lu.cont	0.239737	0.0	9629431.0	200050.0	1.67	1.71	155538562.0	155538562
cache_dram90_remap0	lu.ncont	0.141088	0.0	18622916.0	1052194.0	1.4525	1.49	180713829.0	180713829
cache_dram90_remap0	radix	0.0555572	0.0	1372390.0	2116.0	0.4	0.4	39840078.0	39840078
cache_dram90_remap0	raytrace	0.268353	0.0	13073573.0	178406.0	0.83	0.84	226220058.0	226220058
cache_dram90_remap0	water.nsq	0.265492	0.0	3688197.0	499893.0	1.3525	1.4	347238482.0	347238482
cache_dram90_remap0	water.sp	0.205119	0.0	2435587.0	274811.0	1.4575	1.58	134392396.0	134392396
cache_dram90_remap1g	barnes	0.260758	0.0	6807076.0	405368.0	0.705	0.71	482578883.0	482578883
cache_dram90_remap1g	cholesky	0.0410683	0.0	10461740.0	173615.0	1.9025	2.12	41960656.0	41960656
cache_dram90_remap1g	fft	0.0613951	0.0	37425590.0	428549.0	1.98	1.98	108693153.0	108693153
cache_dram90_remap1g	fmm	0.304984	0.0	10055934.0	205868.0	1.96	1.98	239969359.0	239969359
cache_dram90_remap1g	lu.cont	0.0356512	0.0	12064441.0	492915.0	1.68	1.72	154535062.0	154535062
cache_dram90_remap1g	lu.ncont	0.0997887	0.0	20333592.0	1135739.0	1.4475	1.48	181207110.0	181207110
cache_dram90_remap1g	radix	0.05516	0.0	1375160.0	2116.0	0.4	0.4	39848587.0	39848587
cache_dram90_remap1g	raytrace	0.0964748	0.0	14318732.0	248049.0	0.8225	0.83	227807706.0	227807706
cache_dram90_remap1g	water.nsq	0.369671	0.0	3928339.0	499920.0	1.3425	1.39	349496582.0	349496582
cache_dram90_remap1g	water.sp	0.209461	0.0	2713705.0	297339.0	1.4475	1.57	135388728.0	135388728
cache_dram90_remap1l	barnes	0.262731	0.0	6290178.0	468652.0	0.7	0.71	486769583.0	486769583
cache_dram90_remap1l	cholesky	0.0574601	0.0	10351828.0	140283.0	1.9225	2.14	41710256.0	41710256
cache_dram90_remap1l	fft	0.116249	0.0	35839945.0	496324.0	1.94	1.94	111031853.0	111031853
cache_dram90_remap1l	fmm	0.302798	0.0	9296852.0	231979.0	1.96	1.98	239667064.0	239667064
cache_dram90_remap1l	lu.cont	0.139532	0.0	10853955.0	208368.0	1.69	1.73	154046162.0	154046162
cache_dram90_remap1l	lu.ncont	0.117175	0.0	19773974.0	1066096.0	1.4575	1.49	180114758.0	180114758
cache_dram90_remap1l	radix	0.0548667	0.0	1376068.0	2116.0	0.4	0.4	39835520.0	39835520
cache_dram90_remap1l	raytrace	0.179598	0.0	13653904.0	249935.0	0.815	0.83	229694458.0	229694458
cache_dram90_remap1l	water.nsq	0.288984	0.0	3843253.0	487492.0	1.35	1.4	348085714.0	348085714
cache_dram90_remap1l	water.sp	0.202399	0.0	2562253.0	258398.0	1.4525	1.57	134917496.0	134917496
cache_cpu95_no-remap	barnes	0.0358438	8386.0	7133631.0	0.0	0.5675	0.57	600946928.0	600946928
cache_cpu95_no-remap	cholesky	0.0333621	11829.0	10457105.0	0.0	1.66	1.8	47087911.0	47087911
cache_cpu95_no-remap	fft	0.0338186	82084.0	37270441.0	0.0	1.78	1.78	121228653.0	121228653
cache_cpu95_no-remap	fmm	0.109103	22819.0	10346346.0	0.0	1.5975	1.61	294453259.0	294453259
cache_cpu95_no-remap	lu.cont	0.0325592	39009.0	11938830.0	0.0	1.4975	1.53	173361162.0	173361162
cache_cpu95_no-remap	lu.ncont	0.0318693	78334.0	21103260.0	0.0	1.38	1.41	190129686.0	190129686
cache_cpu95_no-remap	radix	0.0543444	88.0	1376272.0	0.0	0.4	0.4	40135478.0	40135478
cache_cpu95_no-remap	raytrace	0.0453686	19168.0	14413097.0	0.0	0.7075	0.72	263796658.0	263796658
cache_cpu95_no-remap	water.nsq	0.0813902	22.0	4289418.0	0.0	1.09	1.13	430656182.0	430656182
cache_cpu95_no-remap	water.sp	0.0380699	0.0	2878341.0	0.0	1.2025	1.3	163062234.0	163062234
cache_cpu95_remap0	barnes	0.0376447	0.0	7135077.0	14490.0	0.5675	0.57	601664291.0	601664291
cache_cpu95_remap0	cholesky	0.0355454	0.0	10453824.0	2308.0	1.66	1.8	47024722.0	47024722
cache_cpu95_remap0	fft	0.0370896	0.0	37268253.0	7272.0	1.77	1.77	121687453.0	121687453
cache_cpu95_remap0	fmm	0.112105	0.0	10342462.0	23186.0	1.5975	1.61	294596163.0	294596163
cache_cpu95_remap0	lu.cont	0.036056	0.0	11938013.0	2116.0	1.5025	1.54	172978062.0	172978062
cache_cpu95_remap0	lu.ncont	0.0357498	0.0	21087851.0	2116.0	1.38	1.41	189915833.0	189915833
cache_cpu95_remap0	radix	0.0543514	0.0	1375446.0	2116.0	0.4	0.4	40156291.0	40156291
cache_cpu95_remap0	raytrace	0.0492471	0.0	14404173.0	20879.0	0.71	0.72	263096606.0	263096606
cache_cpu95_remap0	water.nsq	0.0816652	0.0	4286174.0	6173.0	1.105	1.15	425265169.0	425265169
cache_cpu95_remap0	water.sp	0.0386725	0.0	2877317.0	0.0	1.1925	1.29	164353596.0	164353596
cache_cpu95_remap1g	barnes	0.037404	0.0	7141911.0	10422.0	0.5625	0.57	602385483.0	602385483
cache_cpu95_remap1g	cholesky	0.0332924	0.0	10461890.0	2304.0	1.6575	1.8	47114955.0	47114955
cache_cpu95_remap1g	fft	0.0342859	0.0	37353376.0	7272.0	1.76	1.76	122211353.0	122211353
cache_cpu95_remap1g	fmm	0.111494	0.0	10364391.0	14699.0	1.5975	1.61	294886764.0	294886764
cache_cpu95_remap1g	lu.cont	0.0325738	0.0	11985496.0	2116.0	1.4975	1.53	173424099.0	173424099
cache_cpu95_remap1g	lu.ncont	0.0339175	0.0	21200223.0	2116.0	1.38	1.41	189810658.0	189810658
cache_cpu95_remap1g	radix	0.054282	0.0	1375251.0	2116.0	0.4	0.4	40145226.0	40145226
cache_cpu95_remap1g	raytrace	0.0466546	0.0	14477557.0	20877.0	0.71	0.72	263832758.0	263832758
cache_cpu95_remap1g	water.nsq	0.0834623	0.0	4292934.0	6171.0	1.1	1.14	427307469.0	427307469
cache_cpu95_remap1g	water.sp	0.0388891	0.0	2876759.0	2066.0	1.1925	1.29	164419434.0	164419434
cache_cpu95_remap1l	barnes	0.0374108	0.0	7144277.0	12476.0	0.5625	0.57	602533683.0	602533683
cache_cpu95_remap1l	cholesky	0.0334666	0.0	10459515.0	2308.0	1.66	1.8	47102256.0	47102256
cache_cpu95_remap1l	fft	0.0348156	0.0	37349555.0	10300.0	1.78	1.78	121293053.0	121293053
cache_cpu95_remap1l	fmm	0.112388	0.0	10366700.0	8300.0	1.5875	1.6	295810159.0	295810159
cache_cpu95_remap1l	lu.cont	0.0325586	0.0	11980731.0	2116.0	1.4975	1.53	173394741.0	173394741
cache_cpu95_remap1l	lu.ncont	0.0331817	0.0	21153675.0	2116.0	1.38	1.41	190297429.0	190297429
cache_cpu95_remap1l	radix	0.0543649	0.0	1374525.0	2115.0	0.4	0.4	40129926.0	40129926
cache_cpu95_remap1l	raytrace	0.0479515	0.0	14531840.0	20879.0	0.71	0.72	263208358.0	263208358
cache_cpu95_remap1l	water.nsq	0.0824814	0.0	4280361.0	8228.0	1.1025	1.14	425679782.0	425679782
cache_cpu95_remap1l	water.sp	0.0382225	0.0	2875110.0	0.0	1.195	1.29	164149396.0	164149396
cache_cpu96_no-remap	barnes	0.0355787	8777.0	7137173.0	0.0	0.58	0.59	585176283.0	585176283
cache_cpu96_no-remap	cholesky	0.0333587	10658.0	10461834.0	0.0	1.6825	1.84	46379855.0	46379855
cache_cpu96_no-remap	fft	0.0337792	78657.0	37273009.0	0.0	1.8	1.8	119899453.0	119899453
cache_cpu96_no-remap	fmm	0.109774	22351.0	10338881.0	0.0	1.6075	1.62	292440059.0	292440059
cache_cpu96_no-remap	lu.cont	0.0325546	43217.0	11941170.0	0.0	1.5575	1.59	166906899.0	166906899
cache_cpu96_no-remap	lu.ncont	0.0318602	95501.0	21092629.0	0.0	1.4325	1.47	183134110.0	183134110
cache_cpu96_no-remap	radix	0.0543397	1370.0	1372677.0	0.0	0.4	0.4	39845099.0	39845099
cache_cpu96_no-remap	raytrace	0.0475969	16578.0	14685414.0	0.0	0.7275	0.74	257409491.0	257409491
cache_cpu96_no-remap	water.nsq	0.0799568	3883.0	4288349.0	0.0	1.14	1.18	412140282.0	412140282
cache_cpu96_no-remap	water.sp	0.0384886	2532.0	2874674.0	0.0	1.24	1.34	158036128.0	158036128
cache_cpu96_remap0	barnes	0.0383714	0.0	7128283.0	14564.0	0.58	0.59	584821883.0	584821883
cache_cpu96_remap0	cholesky	0.0348655	0.0	10450513.0	4364.0	1.68	1.83	46818856.0	46818856
cache_cpu96_remap0	fft	0.036891	0.0	37271006.0	3636.0	1.79	1.79	120375953.0	120375953
cache_cpu96_remap0	fmm	0.112521	0.0	10336842.0	33753.0	1.6075	1.62	291757504.0	291757504
cache_cpu96_remap0	lu.cont	0.0384342	0.0	11918391.0	12695.0	1.5525	1.59	167232778.0	167232778
cache_cpu96_remap0	lu.ncont	0.0395281	0.0	20984192.0	10580.0	1.43	1.46	183498330.0	183498330
cache_cpu96_remap0	radix	0.0554278	0.0	1372910.0	2116.0	0.4	0.4	39862779.0	39862779
cache_cpu96_remap0	raytrace	0.0530252	0.0	14412088.0	24871.0	0.7275	0.74	257637658.0	257637658
cache_cpu96_remap0	water.nsq	0.0929793	0.0	4258922.0	32909.0	1.14	1.18	411859882.0	411859882
cache_cpu96_remap0	water.sp	0.0407789	0.0	2875422.0	6179.0	1.23	1.33	159626528.0	159626528
cache_cpu96_remap1g	barnes	0.0376117	0.0	7137720.0	12434.0	0.58	0.59	585609028.0	585609028
cache_cpu96_remap1g	cholesky	0.0332217	0.0	10466383.0	2304.0	1.685	1.84	46435955.0	46435955
cache_cpu96_remap1g	fft	0.0344458	0.0	37352814.0	13909.0	1.79	1.79	120221653.0	120221653
cache_cpu96_remap1g	fmm	0.112465	0.0	10364105.0	25276.0	1.6075	1.62	292751163.0	292751163
cache_cpu96_remap1g	lu.cont	0.0326072	0.0	11985062.0	16885.0	1.56	1.6	166572604.0	166572604
cache_cpu96_remap1g	lu.ncont	0.0348776	0.0	21141292.0	10512.0	1.4275	1.46	183689182.0	183689182
cache_cpu96_remap1g	radix	0.0551882	0.0	1374329.0	2115.0	0.4	0.4	39838270.0	39838270
cache_cpu96_remap1g	raytrace	0.0493683	0.0	14543682.0	9359.0	0.7225	0.74	259493658.0	259493658
cache_cpu96_remap1g	water.nsq	0.11409	0.0	4247665.0	80251.0	1.14	1.18	412030082.0	412030082
cache_cpu96_remap1g	water.sp	0.0387637	0.0	2879896.0	0.0	1.2275	1.33	159810996.0	159810996
cache_cpu96_remap1l	barnes	0.0378215	0.0	7148089.0	14505.0	0.58	0.59	585836977.0	585836977
cache_cpu96_remap1l	cholesky	0.0336161	0.0	10466788.0	4366.0	1.6775	1.82	46840556.0	46840556
cache_cpu96_remap1l	fft	0.0351445	0.0	37346423.0	14544.0	1.8	1.8	119676253.0	119676253
cache_cpu96_remap1l	fmm	0.111922	0.0	10362629.0	16852.0	1.605	1.62	293067764.0	293067764
cache_cpu96_remap1l	lu.cont	0.0325356	0.0	11980112.0	10507.0	1.55	1.59	167602062.0	167602062
cache_cpu96_remap1l	lu.ncont	0.0377958	0.0	21129941.0	14738.0	1.4225	1.46	184302582.0	184302582
cache_cpu96_remap1l	radix	0.0550248	0.0	1375090.0	2116.0	0.4	0.4	39863878.0	39863878
cache_cpu96_remap1l	raytrace	0.0483752	0.0	14597557.0	17947.0	0.7275	0.74	258572119.0	258572119
cache_cpu96_remap1l	water.nsq	0.0889	0.0	4271870.0	26712.0	1.135	1.18	414414569.0	414414569
cache_cpu96_remap1l	water.sp	0.0433363	0.0	2873514.0	10257.0	1.24	1.34	158132834.0	158132834
cache_cpu97_no-remap	barnes	0.0357666	9198.0	7135388.0	0.0	0.59	0.6	574593928.0	574593928
cache_cpu97_no-remap	cholesky	0.0332151	11765.0	10463890.0	0.0	1.7025	1.86	46153122.0	46153122
cache_cpu97_no-remap	fft	0.0337835	93608.0	37257128.0	0.0	1.85	1.85	116592353.0	116592353
cache_cpu97_no-remap	fmm	0.109018	20136.0	10354965.0	0.0	1.645	1.66	285924558.0	285924558
cache_cpu97_no-remap	lu.cont	0.0325696	442955.0	11536674.0	0.0	1.61	1.65	161215499.0	161215499
cache_cpu97_no-remap	lu.ncont	0.0322841	665190.0	20548249.0	0.0	1.4775	1.51	177602486.0	177602486
cache_cpu97_no-remap	radix	0.0542769	1276.0	1374779.0	0.0	0.4	0.4	39835677.0	39835677
cache_cpu97_no-remap	raytrace	0.048177	44249.0	14413619.0	0.0	0.74	0.76	252695858.0	252695858
cache_cpu97_no-remap	water.nsq	0.0770087	21432.0	4268634.0	0.0	1.165	1.21	403720014.0	403720014
cache_cpu97_no-remap	water.sp	0.0402048	11684.0	2867858.0	0.0	1.2825	1.39	152850696.0	152850696
cache_cpu97_remap0	barnes	0.0458204	0.0	7086373.0	33452.0	0.59	0.6	575199483.0	575199483
cache_cpu97_remap0	cholesky	0.0355353	0.0	10446025.0	2305.0	1.705	1.86	46189027.0	46189027
cache_cpu97_remap0	fft	0.0376764	0.0	37259964.0	18180.0	1.84	1.84	117469653.0	117469653
cache_cpu97_remap0	fmm	0.113286	0.0	10331732.0	44307.0	1.6425	1.66	286273863.0	286273863
cache_cpu97_remap0	lu.cont	0.0845393	0.0	11389468.0	50738.0	1.59	1.63	163373262.0	163373262
cache_cpu97_remap0	lu.ncont	0.0747068	0.0	20132177.0	46553.0	1.4625	1.5	179360833.0	179360833
cache_cpu97_remap0	radix	0.05543	0.0	1374537.0	2115.0	0.4	0.4	39844791.0	39844791
cache_cpu97_remap0	raytrace	0.0727231	0.0	14293055.0	59859.0	0.7475	0.76	250146019.0	250146019
cache_cpu97_remap0	water.nsq	0.12896	0.0	4172038.0	195201.0	1.165	1.21	403344245.0	403344245
cache_cpu97_remap0	water.sp	0.0534318	0.0	2854513.0	59477.0	1.28	1.39	153266096.0	153266096
cache_cpu97_remap1g	barnes	0.0499228	0.0	7124586.0	37637.0	0.59	0.6	575282783.0	575282783
cache_cpu97_remap1g	cholesky	0.0334508	0.0	10469423.0	2308.0	1.7	1.86	46270456.0	46270456
cache_cpu97_remap1g	fft	0.0344886	0.0	37352954.0	10908.0	1.84	1.84	117484453.0	117484453
cache_cpu97_remap1g	fmm	0.113479	0.0	10361042.0	48515.0	1.6425	1.66	286276659.0	286276659
cache_cpu97_remap1g	lu.cont	0.0332881	0.0	11991851.0	54969.0	1.61	1.65	161539499.0	161539499
cache_cpu97_remap1g	lu.ncont	0.0530119	0.0	20888834.0	48621.0	1.4625	1.5	179077285.0	179077285
cache_cpu97_remap1g	radix	0.0551973	0.0	1374406.0	2116.0	0.4	0.4	39853166.0	39853166
cache_cpu97_remap1g	raytrace	0.0522553	0.0	14634258.0	57765.0	0.745	0.76	251811426.0	251811426
cache_cpu97_remap1g	water.nsq	0.190212	0.0	4127870.0	293780.0	1.1675	1.21	402486437.0	402486437
cache_cpu97_remap1g	water.sp	0.048113	0.0	2879697.0	32802.0	1.2775	1.38	153410996.0	153410996
cache_cpu97_remap1l	barnes	0.0478831	0.0	7130770.0	43981.0	0.59	0.6	574503728.0	574503728
cache_cpu97_remap1l	cholesky	0.0334202	0.0	10469331.0	2304.0	1.7075	1.86	46036455.0	46036455
cache_cpu97_remap1l	fft	0.0350762	0.0	37348620.0	13868.0	1.84	1.84	117460853.0	117460853
cache_cpu97_remap1l	fmm	0.113292	0.0	10358022.0	44222.0	1.6375	1.65	286765663.0	286765663
cache_cpu97_remap1l	lu.cont	0.0386084	0.0	11954578.0	54945.0	1.61	1.65	161631599.0	161631599
cache_cpu97_remap1l	lu.ncont	0.0596205	0.0	20769460.0	46558.0	1.4625	1.5	179307759.0	179307759
cache_cpu97_remap1l	radix	0.0551198	0.0	1375541.0	2112.0	0.4	0.4	39841973.0	39841973
cache_cpu97_remap1l	raytrace	0.053659	0.0	14638149.0	62301.0	0.74	0.75	253725006.0	253725006
cache_cpu97_remap1l	water.nsq	0.126503	0.0	4211746.0	98744.0	1.1675	1.21	402678745.0	402678745
cache_cpu97_remap1l	water.sp	0.0554286	0.0	2857692.0	57412.0	1.275	1.38	153481996.0	153481996
cache_cpu98_no-remap	barnes	0.035646	127328.0	7015985.0	0.0	0.6125	0.62	554575491.0	554575491
cache_cpu98_no-remap	cholesky	0.0331505	15566.0	10438833.0	0.0	1.7375	1.9	45153827.0	45153827
cache_cpu98_no-remap	fft	0.0337413	108199.0	37244219.0	0.0	1.88	1.88	114449453.0	114449453
cache_cpu98_no-remap	fmm	0.10925	30031.0	10342408.0	0.0	1.6875	1.7	278645459.0	278645459
cache_cpu98_no-remap	lu.cont	0.0325095	688575.0	11292111.0	0.0	1.6325	1.67	159081862.0	159081862
cache_cpu98_no-remap	lu.ncont	0.0323567	1126704.0	20124846.0	0.0	1.5	1.53	174908885.0	174908885
cache_cpu98_no-remap	radix	0.0543231	1288.0	1374833.0	0.0	0.4	0.4	39861499.0	39861499
cache_cpu98_no-remap	raytrace	0.0455786	165570.0	14355905.0	0.0	0.7625	0.78	246222826.0	246222826
cache_cpu98_no-remap	water.nsq	0.0777005	84455.0	4209753.0	0.0	1.19	1.23	394501214.0	394501214
cache_cpu98_no-remap	water.sp	0.0382149	22174.0	2855216.0	0.0	1.295	1.4	151345796.0	151345796
cache_cpu98_remap0	barnes	0.0878784	0.0	6820165.0	96212.0	0.61	0.62	555902328.0	555902328
cache_cpu98_remap0	cholesky	0.038334	0.0	10437460.0	16132.0	1.7525	1.92	44818707.0	44818707
cache_cpu98_remap0	fft	0.0469177	0.0	37029506.0	50916.0	1.88	1.88	114656855.0	114656855
cache_cpu98_remap0	fmm	0.115701	0.0	10315657.0	107059.0	1.6875	1.7	278517264.0	278517264
cache_cpu98_remap0	lu.cont	0.0932435	0.0	11291621.0	52897.0	1.61	1.65	161537462.0	161537462
cache_cpu98_remap0	lu.ncont	0.109046	0.0	19237782.0	73794.0	1.46	1.49	179738833.0	179738833
cache_cpu98_remap0	radix	0.0553092	0.0	1374628.0	2116.0	0.4	0.4	39849091.0	39849091
cache_cpu98_remap0	raytrace	0.0998888	0.0	14122232.0	66247.0	0.7525	0.77	249104458.0	249104458
cache_cpu98_remap0	water.nsq	0.169405	0.0	4031543.0	328904.0	1.2	1.24	391019845.0	391019845
cache_cpu98_remap0	water.sp	0.0593701	0.0	2826267.0	92228.0	1.3075	1.42	149766196.0	149766196
cache_cpu98_remap1g	barnes	0.0887828	0.0	7067226.0	79522.0	0.6125	0.62	555297161.0	555297161
cache_cpu98_remap1g	cholesky	0.0341117	0.0	10459955.0	18422.0	1.75	1.92	44707755.0	44707755
cache_cpu98_remap1g	fft	0.0373941	0.0	37354018.0	59780.0	1.88	1.88	114594053.0	114594053
cache_cpu98_remap1g	fmm	0.118246	0.0	10349025.0	92449.0	1.69	1.71	277922059.0	277922059
cache_cpu98_remap1g	lu.cont	0.0333784	0.0	11998925.0	63478.0	1.63	1.67	159448072.0	159448072
cache_cpu98_remap1g	lu.ncont	0.0735481	0.0	20728780.0	63473.0	1.47	1.5	178412158.0	178412158
cache_cpu98_remap1g	radix	0.0549386	0.0	1374506.0	2116.0	0.4	0.4	39851966.0	39851966
cache_cpu98_remap1g	raytrace	0.0585598	0.0	14327025.0	64184.0	0.755	0.77	248142958.0	248142958
cache_cpu98_remap1g	water.nsq	0.227362	0.0	4090083.0	316643.0	1.1925	1.24	394116745.0	394116745
cache_cpu98_remap1g	water.sp	0.0634648	0.0	2852624.0	96375.0	1.31	1.42	149544496.0	149544496
cache_cpu98_remap1l	barnes	0.0951279	0.0	7047829.0	87848.0	0.61	0.62	555664928.0	555664928
cache_cpu98_remap1l	cholesky	0.0352464	0.0	10470304.0	39155.0	1.7575	1.93	44734156.0	44734156
cache_cpu98_remap1l	fft	0.0405273	0.0	37341364.0	56290.0	1.9	1.9	113733353.0	113733353
cache_cpu98_remap1l	fmm	0.116465	0.0	10358133.0	107054.0	1.6875	1.7	278185558.0	278185558
cache_cpu98_remap1l	lu.cont	0.0425692	0.0	11919385.0	61365.0	1.63	1.67	159677078.0	159677078
cache_cpu98_remap1l	lu.ncont	0.0855333	0.0	20471160.0	61357.0	1.4675	1.5	178736885.0	178736885
cache_cpu98_remap1l	radix	0.0547829	0.0	1375038.0	2114.0	0.4	0.4	39863373.0	39863373
cache_cpu98_remap1l	raytrace	0.063953	0.0	14389506.0	60138.0	0.76	0.77	245779458.0	245779458
cache_cpu98_remap1l	water.nsq	0.210732	0.0	4119197.0	326854.0	1.1975	1.24	392215714.0	392215714
cache_cpu98_remap1l	water.sp	0.0637823	0.0	2851655.0	104567.0	1.295	1.4	151493496.0	151493496
cache_cpu99_no-remap	barnes	0.03577	440659.0	6703413.0	0.0	0.6325	0.64	536677528.0	536677528
cache_cpu99_no-remap	cholesky	0.0333761	57377.0	10405458.0	0.0	1.79	1.97	43707722.0	43707722
cache_cpu99_no-remap	fft	0.0337488	314983.0	37037484.0	0.0	1.95	1.95	110483353.0	110483353
cache_cpu99_no-remap	fmm	0.108958	70618.0	10296706.0	0.0	1.7475	1.76	268562914.0	268562914
cache_cpu99_no-remap	lu.cont	0.0325095	923144.0	11057777.0	0.0	1.65	1.69	157376262.0	157376262
cache_cpu99_no-remap	lu.ncont	0.0321163	1571437.0	19693730.0	0.0	1.5125	1.55	173240710.0	173240710
cache_cpu99_no-remap	radix	0.0543365	1484.0	1372806.0	0.0	0.4	0.4	39859270.0	39859270
cache_cpu99_no-remap	raytrace	0.046884	510549.0	13952332.0	0.0	0.775	0.79	241862019.0	241862019
cache_cpu99_no-remap	water.nsq	0.0832388	240789.0	4051627.0	0.0	1.2325	1.28	381425882.0	381425882
cache_cpu99_no-remap	water.sp	0.0388502	77225.0	2795116.0	0.0	1.3175	1.43	148535734.0	148535734
cache_cpu99_remap0	barnes	0.128639	0.0	6556005.0	127644.0	0.6325	0.64	537734891.0	537734891
cache_cpu99_remap0	cholesky	0.0467691	0.0	10398068.0	48378.0	1.785	1.96	44342858.0	44342858
cache_cpu99_remap0	fft	0.0667705	0.0	36500595.0	86712.0	1.92	1.92	112155753.0	112155753
cache_cpu99_remap0	fmm	0.124992	0.0	10220904.0	181745.0	1.7375	1.75	270351863.0	270351863
cache_cpu99_remap0	lu.cont	0.139077	0.0	10767857.0	76169.0	1.61	1.65	161197104.0	161197104
cache_cpu99_remap0	lu.ncont	0.133685	0.0	18602793.0	80364.0	1.4725	1.51	178037682.0	178037682
cache_cpu99_remap0	radix	0.0552952	0.0	1373825.0	2115.0	0.4	0.4	39854979.0	39854979
cache_cpu99_remap0	raytrace	0.147427	0.0	13747879.0	85770.0	0.7675	0.78	243424026.0	243424026
cache_cpu99_remap0	water.nsq	0.205512	0.0	3922621.0	378553.0	1.2325	1.28	381282469.0	381282469
cache_cpu99_remap0	water.sp	0.0863547	0.0	2768223.0	192682.0	1.3175	1.43	148695696.0	148695696
cache_cpu99_remap1g	barnes	0.140113	0.0	6989507.0	121365.0	0.6325	0.64	538270783.0	538270783
cache_cpu99_remap1g	cholesky	0.0354272	0.0	10470967.0	39171.0	1.79	1.97	43889370.0	43889370
cache_cpu99_remap1g	fft	0.0439116	0.0	37352918.0	119197.0	1.93	1.93	111987653.0	111987653
cache_cpu99_remap1g	fmm	0.127251	0.0	10335252.0	203276.0	1.745	1.76	269649463.0	269649463
cache_cpu99_remap1g	lu.cont	0.0342569	0.0	12022084.0	67708.0	1.6475	1.68	157860288.0	157860288
cache_cpu99_remap1g	lu.ncont	0.098445	0.0	20296222.0	80390.0	1.4775	1.51	177680385.0	177680385
cache_cpu99_remap1g	radix	0.0552245	0.0	1376466.0	2114.0	0.4	0.4	39854766.0	39854766
cache_cpu99_remap1g	raytrace	0.0712953	0.0	14529032.0	93029.0	0.77	0.79	242414658.0	242414658
cache_cpu99_remap1g	water.nsq	0.288267	0.0	4018613.0	399110.0	1.2275	1.27	383464169.0	383464169
cache_cpu99_remap1g	water.sp	0.116213	0.0	2802231.0	207019.0	1.315	1.42	149152796.0	149152796
cache_cpu99_remap1l	barnes	0.142868	0.0	6877175.0	113070.0	0.635	0.64	535833128.0	535833128
cache_cpu99_remap1l	cholesky	0.0375	0.0	10444634.0	59879.0	1.7825	1.96	44204955.0	44204955
cache_cpu99_remap1l	fft	0.0467805	0.0	37336432.0	89318.0	1.93	1.93	111727055.0	111727055
cache_cpu99_remap1l	fmm	0.123852	0.0	10334489.0	148929.0	1.7375	1.75	270833863.0	270833863
cache_cpu99_remap1l	lu.cont	0.0536623	0.0	11815182.0	78288.0	1.64	1.68	158413851.0	158413851
cache_cpu99_remap1l	lu.ncont	0.106108	0.0	19944326.0	78295.0	1.48	1.51	177312429.0	177312429
cache_cpu99_remap1l	radix	0.0549025	0.0	1374664.0	2115.0	0.4	0.4	39829678.0	39829678
cache_cpu99_remap1l	raytrace	0.0856216	0.0	14353491.0	88533.0	0.775	0.79	241938658.0	241938658
cache_cpu99_remap1l	water.nsq	0.242804	0.0	4048547.0	366185.0	1.2325	1.28	381351437.0	381351437
cache_cpu99_remap1l	water.sp	0.0893884	0.0	2821683.0	170120.0	1.3225	1.43	148142396.0	148142396
cache_cpu100_no-remap	barnes	0.0358451	866527.0	6279769.0	0.0	0.6525	0.66	521089183.0	521089183
cache_cpu100_no-remap	cholesky	0.0333036	103355.0	10358485.0	0.0	1.8225	2.01	43082655.0	43082655
cache_cpu100_no-remap	fft	0.033839	1387337.0	35962583.0	0.0	2.01	2.01	107368153.0	107368153
cache_cpu100_no-remap	fmm	0.109314	140267.0	10229426.0	0.0	1.805	1.82	260687764.0	260687764
cache_cpu100_no-remap	lu.cont	0.0325451	1422344.0	10562634.0	0.0	1.7	1.74	152584041.0	152584041
cache_cpu100_no-remap	lu.ncont	0.0318501	2355707.0	18793870.0	0.0	1.55	1.59	169290729.0	169290729
cache_cpu100_no-remap	radix	0.0542348	1450.0	1372570.0	0.0	0.4	0.4	39846581.0	39846581
cache_cpu100_no-remap	raytrace	0.0469558	955205.0	13849709.0	0.0	0.8025	0.82	234889419.0	234889419
cache_cpu100_no-remap	water.nsq	0.0808577	371385.0	3911712.0	0.0	1.2575	1.3	373121282.0	373121282
cache_cpu100_no-remap	water.sp	0.0380787	128304.0	2746732.0	0.0	1.365	1.48	143453996.0	143453996
cache_cpu100_remap0	barnes	0.195416	0.0	6130838.0	182246.0	0.65	0.66	522401745.0	522401745
cache_cpu100_remap0	cholesky	0.0529419	0.0	10357792.0	69058.0	1.815	2.0	43209055.0	43209055
cache_cpu100_remap0	fft	0.0878195	0.0	35955875.0	119963.0	1.95	1.95	110527653.0	110527653
cache_cpu100_remap0	fmm	0.139937	0.0	10068165.0	163829.0	1.795	1.81	261917263.0	261917263
cache_cpu100_remap0	lu.cont	0.193409	0.0	10153188.0	129036.0	1.64	1.68	158221799.0	158221799
cache_cpu100_remap0	lu.ncont	0.180362	0.0	17446780.0	122719.0	1.4925	1.53	175430029.0	175430029
cache_cpu100_remap0	radix	0.0553115	0.0	1374692.0	2116.0	0.4	0.4	39862366.0	39862366
cache_cpu100_remap0	raytrace	0.194714	0.0	13537350.0	112901.0	0.7675	0.78	242549006.0	242549006
cache_cpu100_remap0	water.nsq	0.250768	0.0	3778384.0	504110.0	1.2575	1.3	374007145.0	374007145
cache_cpu100_remap0	water.sp	0.112975	0.0	2696802.0	262417.0	1.345	1.46	145971296.0	145971296
cache_cpu100_remap1g	barnes	0.214268	0.0	6874996.0	182258.0	0.65	0.66	522665391.0	522665391
cache_cpu100_remap1g	cholesky	0.0374217	0.0	10462626.0	73657.0	1.815	2.01	43314055.0	43314055
cache_cpu100_remap1g	fft	0.0454076	0.0	37376313.0	136041.0	1.95	1.95	110697453.0	110697453
cache_cpu100_remap1g	fmm	0.151543	0.0	10299082.0	197131.0	1.795	1.81	261740359.0	261740359
cache_cpu100_remap1g	lu.cont	0.0345438	0.0	12045200.0	129068.0	1.69	1.73	153584962.0	153584962
cache_cpu100_remap1g	lu.ncont	0.107892	0.0	20043830.0	120620.0	1.5025	1.54	174502286.0	174502286
cache_cpu100_remap1g	radix	0.0550375	0.0	1375488.0	2115.0	0.4	0.4	39851587.0	39851587
cache_cpu100_remap1g	raytrace	0.083738	0.0	14399499.0	129091.0	0.7975	0.81	235251558.0	235251558
cache_cpu100_remap1g	water.nsq	0.325561	0.0	3989235.0	479428.0	1.2425	1.29	377345869.0	377345869
cache_cpu100_remap1g	water.sp	0.132766	0.0	2797950.0	270592.0	1.345	1.46	145909334.0	145909334
cache_cpu100_remap1l	barnes	0.212766	0.0	6488305.0	201002.0	0.65	0.66	521913645.0	521913645
cache_cpu100_remap1l	cholesky	0.0382754	0.0	10457533.0	69064.0	1.83	2.02	43074755.0	43074755
cache_cpu100_remap1l	fft	0.0556273	0.0	37178429.0	145681.0	1.95	1.95	110763453.0	110763453
cache_cpu100_remap1l	fmm	0.140214	0.0	10314721.0	158067.0	1.795	1.81	261899563.0	261899563
cache_cpu100_remap1l	lu.cont	0.0945838	0.0	11373093.0	120402.0	1.67	1.71	155590704.0	155590704
cache_cpu100_remap1l	lu.ncont	0.15202	0.0	18745295.0	124685.0	1.5025	1.54	174618886.0	174618886
cache_cpu100_remap1l	radix	0.0549879	0.0	1375805.0	2116.0	0.4	0.4	39852287.0	39852287
cache_cpu100_remap1l	raytrace	0.126688	0.0	14057014.0	130787.0	0.785	0.8	238960458.0	238960458
cache_cpu100_remap1l	water.nsq	0.277165	0.0	3912053.0	508094.0	1.2525	1.3	374568469.0	374568469
cache_cpu100_remap1l	water.sp	0.116629	0.0	2794019.0	266496.0	1.3425	1.45	146037328.0	146037328
cache_cpu101_no-remap	barnes	0.0356875	1110423.0	6033592.0	0.0	0.6725	0.68	505584261.0	505584261
cache_cpu101_no-remap	cholesky	0.0333839	150642.0	10321922.0	0.0	1.89	2.09	41661207.0	41661207
cache_cpu101_no-remap	fft	0.0338301	1844323.0	35507169.0	0.0	2.04	2.04	105490653.0	105490653
cache_cpu101_no-remap	fmm	0.109122	318211.0	10052083.0	0.0	1.8375	1.85	255623263.0	255623263
cache_cpu101_no-remap	lu.cont	0.0325448	2103671.0	9880571.0	0.0	1.74	1.78	149495462.0	149495462
cache_cpu101_no-remap	lu.ncont	0.0319394	3415561.0	17759713.0	0.0	1.5825	1.62	165663066.0	165663066
cache_cpu101_no-remap	radix	0.054351	1427.0	1373584.0	0.0	0.4	0.4	39853986.0	39853986
cache_cpu101_no-remap	raytrace	0.0476522	1362676.0	13087130.0	0.0	0.82	0.83	228430419.0	228430419
cache_cpu101_no-remap	water.nsq	0.0809591	454461.0	3840589.0	0.0	1.2875	1.33	365062082.0	365062082
cache_cpu101_no-remap	water.sp	0.0408061	195150.0	2691584.0	0.0	1.4025	1.52	139727796.0	139727796
cache_cpu101_remap0	barnes	0.22532	0.0	5934029.0	192615.0	0.67	0.68	506820628.0	506820628
cache_cpu101_remap0	cholesky	0.0598845	0.0	10306640.0	82884.0	1.8625	2.06	42391856.0	42391856
cache_cpu101_remap0	fft	0.127783	0.0	34918003.0	213679.0	1.96	1.96	110232953.0	110232953
cache_cpu101_remap0	fmm	0.155611	0.0	9915174.0	233166.0	1.8275	1.84	257240864.0	257240864
cache_cpu101_remap0	lu.cont	0.231749	0.0	9717545.0	135409.0	1.67	1.71	155608062.0	155608062
cache_cpu101_remap0	lu.ncont	0.207266	0.0	16718738.0	133282.0	1.5175	1.55	172814831.0	172814831
cache_cpu101_remap0	radix	0.0553208	0.0	1372688.0	2116.0	0.4	0.4	39869978.0	39869978
cache_cpu101_remap0	raytrace	0.248795	0.0	13092542.0	151000.0	0.795	0.81	236028958.0	236028958
cache_cpu101_remap0	water.nsq	0.254557	0.0	3760001.0	510277.0	1.28	1.33	367267337.0	367267337
cache_cpu101_remap0	water.sp	0.145932	0.0	2607555.0	362838.0	1.3725	1.49	142725496.0	142725496
cache_cpu101_remap1g	barnes	0.246353	0.0	6830941.0	203075.0	0.67	0.68	507014945.0	507014945
cache_cpu101_remap1g	cholesky	0.0382003	0.0	10484495.0	85177.0	1.8575	2.06	42484107.0	42484107
cache_cpu101_remap1g	fft	0.0559095	0.0	37396910.0	204563.0	1.98	1.98	108727453.0	108727453
cache_cpu101_remap1g	fmm	0.158483	0.0	10285896.0	239496.0	1.825	1.84	257798263.0	257798263
cache_cpu101_remap1g	lu.cont	0.0347884	0.0	12058115.0	133300.0	1.7225	1.77	150631978.0	150631978
cache_cpu101_remap1g	lu.ncont	0.12729	0.0	19877877.0	131200.0	1.5275	1.56	171673210.0	171673210
cache_cpu101_remap1g	radix	0.0552269	0.0	1374459.0	2116.0	0.4	0.4	39871287.0	39871287
cache_cpu101_remap1g	raytrace	0.0908039	0.0	14400090.0	151016.0	0.8075	0.82	232319558.0	232319558
cache_cpu101_remap1g	water.nsq	0.346443	0.0	3945437.0	514367.0	1.28	1.33	367140914.0	367140914
cache_cpu101_remap1g	water.sp	0.167869	0.0	2751599.0	362857.0	1.3675	1.48	143383796.0	143383796
cache_cpu101_remap1l	barnes	0.249703	0.0	6340037.0	192584.0	0.67	0.68	506698928.0	506698928
cache_cpu101_remap1l	cholesky	0.0425529	0.0	10422828.0	82912.0	1.88	2.08	42413956.0	42413956
cache_cpu101_remap1l	fft	0.0748487	0.0	36855587.0	192635.0	1.98	1.98	109171053.0	109171053
cache_cpu101_remap1l	fmm	0.162457	0.0	10236471.0	245785.0	1.825	1.84	257653764.0	257653764
cache_cpu101_remap1l	lu.cont	0.141266	0.0	10814902.0	135337.0	1.7	1.74	153126441.0	153126441
cache_cpu101_remap1l	lu.ncont	0.172803	0.0	18160669.0	133157.0	1.5175	1.55	172971086.0	172971086
cache_cpu101_remap1l	radix	0.0550204	0.0	1376472.0	2116.0	0.4	0.4	39853291.0	39853291
cache_cpu101_remap1l	raytrace	0.168492	0.0	13721895.0	150879.0	0.8025	0.82	233028458.0	233028458
cache_cpu101_remap1l	water.nsq	0.288502	0.0	3868096.0	510144.0	1.28	1.33	367611969.0	367611969
cache_cpu101_remap1l	water.sp	0.165601	0.0	2682908.0	340312.0	1.3875	1.5	141140196.0	141140196
cache_cpu102_no-remap	barnes	0.0356612	1164094.0	5976981.0	0.0	0.6975	0.71	488884291.0	488884291
cache_cpu102_no-remap	cholesky	0.0333148	171212.0	10291146.0	0.0	1.905	2.11	41226022.0	41226022
cache_cpu102_no-remap	fft	0.0338254	2609464.0	34741599.0	0.0	2.07	2.07	104041753.0	104041753
cache_cpu102_no-remap	fmm	0.109185	387450.0	9983152.0	0.0	1.8675	1.88	251650264.0	251650264
cache_cpu102_no-remap	lu.cont	0.032562	2346370.0	9638692.0	0.0	1.78	1.82	145967162.0	145967162
cache_cpu102_no-remap	lu.ncont	0.0318853	3858443.0	17339772.0	0.0	1.6125	1.65	162423329.0	162423329
cache_cpu102_no-remap	radix	0.0543741	1422.0	1374644.0	0.0	0.4	0.4	39874083.0	39874083
cache_cpu102_no-remap	raytrace	0.0468432	1582618.0	13002725.0	0.0	0.8275	0.84	226907558.0	226907558
cache_cpu102_no-remap	water.nsq	0.0807425	479030.0	3801053.0	0.0	1.305	1.35	359752569.0	359752569
cache_cpu102_no-remap	water.sp	0.0388151	260233.0	2625678.0	0.0	1.4125	1.53	138737896.0	138737896
cache_cpu102_remap0	barnes	0.238589	0.0	5849268.0	175959.0	0.695	0.7	489723628.0	489723628
cache_cpu102_remap0	cholesky	0.0624321	0.0	10294224.0	92080.0	1.88	2.08	42353022.0	42353022
cache_cpu102_remap0	fft	0.142457	0.0	34542521.0	260644.0	1.97	1.97	109464953.0	109464953
cache_cpu102_remap0	fmm	0.193818	0.0	9521772.0	253994.0	1.8625	1.88	252391864.0	252391864
cache_cpu102_remap0	lu.cont	0.241393	0.0	9608392.0	135423.0	1.7	1.74	152694162.0	152694162
cache_cpu102_remap0	lu.ncont	0.213634	0.0	16634834.0	135397.0	1.54	1.58	170273182.0	170273182
cache_cpu102_remap0	radix	0.0553208	0.0	1374608.0	2116.0	0.4	0.4	39853570.0	39853570
cache_cpu102_remap0	raytrace	0.264822	0.0	12931303.0	157936.0	0.8175	0.83	229855158.0	229855158
cache_cpu102_remap0	water.nsq	0.261376	0.0	3745944.0	506161.0	1.3	1.35	361306169.0	361306169
cache_cpu102_remap0	water.sp	0.170908	0.0	2550634.0	387450.0	1.3875	1.5	141147634.0	141147634
cache_cpu102_remap1g	barnes	0.252031	0.0	6817606.0	217593.0	0.6925	0.7	489887261.0	489887261
cache_cpu102_remap1g	cholesky	0.0386175	0.0	10455446.0	94391.0	1.8875	2.09	41729356.0	41729356
cache_cpu102_remap1g	fft	0.0608051	0.0	37405240.0	252644.0	2.01	2.01	107135955.0	107135955
cache_cpu102_remap1g	fmm	0.194203	0.0	10229800.0	233865.0	1.85	1.87	253956504.0	253956504
cache_cpu102_remap1g	lu.cont	0.0354824	0.0	12061946.0	135419.0	1.77	1.81	146807599.0	146807599
cache_cpu102_remap1g	lu.ncont	0.126836	0.0	19691451.0	135431.0	1.5575	1.59	168469429.0	168469429
cache_cpu102_remap1g	radix	0.0552515	0.0	1375412.0	2116.0	0.4	0.4	39859199.0	39859199
cache_cpu102_remap1g	raytrace	0.0959424	0.0	14346359.0	153446.0	0.8275	0.84	226377819.0	226377819
cache_cpu102_remap1g	water.nsq	0.355441	0.0	3922926.0	508193.0	1.3	1.35	362272445.0	362272445
cache_cpu102_remap1g	water.sp	0.19418	0.0	2730207.0	395642.0	1.395	1.51	140495496.0	140495496
cache_cpu102_remap1l	barnes	0.254073	0.0	6324426.0	225875.0	0.6925	0.7	490609083.0	490609083
cache_cpu102_remap1l	cholesky	0.0441676	0.0	10417696.0	94368.0	1.8925	2.1	41766455.0	41766455
cache_cpu102_remap1l	fft	0.102263	0.0	36214286.0	231367.0	2.02	2.02	106866453.0	106866453
cache_cpu102_remap1l	fmm	0.199582	0.0	10111430.0	262712.0	1.8575	1.87	253034459.0	253034459
cache_cpu102_remap1l	lu.cont	0.149127	0.0	10741352.0	135351.0	1.73	1.77	150475162.0	150475162
cache_cpu102_remap1l	lu.ncont	0.183396	0.0	17950429.0	135180.0	1.5475	1.58	169431429.0	169431429
cache_cpu102_remap1l	radix	0.0549749	0.0	1374472.0	2116.0	0.4	0.4	39831910.0	39831910
cache_cpu102_remap1l	raytrace	0.187471	0.0	13632476.0	157841.0	0.8225	0.84	227865577.0	227865577
cache_cpu102_remap1l	water.nsq	0.289554	0.0	3869134.0	503996.0	1.3025	1.35	360635682.0	360635682
cache_cpu102_remap1l	water.sp	0.184802	0.0	2653874.0	411978.0	1.3925	1.51	140545896.0	140545896
cache_cpu103_no-remap	barnes	0.0358727	1221080.0	5925978.0	0.0	0.7175	0.73	474437183.0	474437183
cache_cpu103_no-remap	cholesky	0.0332523	215847.0	10248944.0	0.0	1.9225	2.13	40809322.0	40809322
cache_cpu103_no-remap	fft	0.0338182	3343568.0	34008775.0	0.0	2.1	2.1	102738953.0	102738953
cache_cpu103_no-remap	fmm	0.109448	710200.0	9657870.0	0.0	1.91	1.93	246027063.0	246027063
cache_cpu103_no-remap	lu.cont	0.032543	2420533.0	9564688.0	0.0	1.82	1.86	142598704.0	142598704
cache_cpu103_no-remap	lu.ncont	0.0318921	3951622.0	17278657.0	0.0	1.6425	1.68	159513882.0	159513882
cache_cpu103_no-remap	radix	0.0542452	1331.0	1373260.0	0.0	0.4	0.4	39837890.0	39837890
cache_cpu103_no-remap	raytrace	0.0467514	1586480.0	12928810.0	0.0	0.85	0.87	220307506.0	220307506
cache_cpu103_no-remap	water.nsq	0.0804602	508264.0	3772667.0	0.0	1.3225	1.37	355625369.0	355625369
cache_cpu103_no-remap	water.sp	0.0387654	296827.0	2592461.0	0.0	1.4425	1.56	135959196.0	135959196
cache_cpu103_remap0	barnes	0.231963	0.0	5895122.0	219619.0	0.7125	0.72	477731528.0	477731528
cache_cpu103_remap0	cholesky	0.0729296	0.0	10207171.0	135842.0	1.905	2.09	41589458.0	41589458
cache_cpu103_remap0	fft	0.199404	0.0	33036898.0	250965.0	2.02	2.02	107000053.0	107000053
cache_cpu103_remap0	fmm	0.230547	0.0	9157408.0	296019.0	1.895	1.91	248209859.0	248209859
cache_cpu103_remap0	lu.cont	0.245492	0.0	9559425.0	135422.0	1.73	1.77	150036604.0	150036604
cache_cpu103_remap0	lu.ncont	0.216801	0.0	16449335.0	135432.0	1.5525	1.59	168805033.0	168805033
cache_cpu103_remap0	radix	0.055379	0.0	1374537.0	2116.0	0.4	0.4	39839566.0	39839566
cache_cpu103_remap0	raytrace	0.268113	0.0	12891644.0	155882.0	0.83	0.84	224901158.0	224901158
cache_cpu103_remap0	water.nsq	0.261242	0.0	3723956.0	504076.0	1.3125	1.36	357536269.0	357536269
cache_cpu103_remap0	water.sp	0.185353	0.0	2490731.0	336249.0	1.4225	1.54	137758996.0	137758996
cache_cpu103_remap1g	barnes	0.265212	0.0	6807973.0	153021.0	0.7125	0.72	477857128.0	477857128
cache_cpu103_remap1g	cholesky	0.0396731	0.0	10461273.0	103581.0	1.9075	2.12	41413758.0	41413758
cache_cpu103_remap1g	fft	0.0721183	0.0	37399385.0	271807.0	2.04	2.04	105641576.0	105641576
cache_cpu103_remap1g	fmm	0.236437	0.0	10164484.0	305061.0	1.885	1.9	249438963.0	249438963
cache_cpu103_remap1g	lu.cont	0.0354275	0.0	12064971.0	135421.0	1.8025	1.85	143918899.0	143918899
cache_cpu103_remap1g	lu.ncont	0.129509	0.0	19660732.0	135431.0	1.5725	1.61	166897586.0	166897586
cache_cpu103_remap1g	radix	0.0551753	0.0	1375996.0	2114.0	0.4	0.4	39860496.0	39860496
cache_cpu103_remap1g	raytrace	0.097142	0.0	14384827.0	155897.0	0.8375	0.85	223997519.0	223997519
cache_cpu103_remap1g	water.nsq	0.370318	0.0	3909421.0	506134.0	1.3075	1.35	359704582.0	359704582
cache_cpu103_remap1g	water.sp	0.195673	0.0	2734087.0	354681.0	1.4125	1.53	138857028.0	138857028
cache_cpu103_remap1l	barnes	0.259541	0.0	6304096.0	207081.0	0.7125	0.72	477555928.0	477555928
cache_cpu103_remap1l	cholesky	0.052732	0.0	10371747.0	138012.0	1.92	2.12	41083956.0	41083956
cache_cpu103_remap1l	fft	0.137123	0.0	35340297.0	271626.0	2.03	2.03	106266953.0	106266953
cache_cpu103_remap1l	fmm	0.228983	0.0	9897754.0	294936.0	1.895	1.91	248299759.0	248299759
cache_cpu103_remap1l	lu.cont	0.154467	0.0	10680129.0	135327.0	1.76	1.8	147839299.0	147839299
cache_cpu103_remap1l	lu.ncont	0.180731	0.0	18005549.0	135226.0	1.56	1.6	168216258.0	168216258
cache_cpu103_remap1l	radix	0.0551873	0.0	1373990.0	2115.0	0.4	0.4	39866387.0	39866387
cache_cpu103_remap1l	raytrace	0.18834	0.0	13741985.0	155745.0	0.8325	0.85	225598877.0	225598877
cache_cpu103_remap1l	water.nsq	0.291721	0.0	3859609.0	504008.0	1.3125	1.36	357690714.0	357690714
cache_cpu103_remap1l	water.sp	0.189737	0.0	2626405.0	344408.0	1.42	1.54	138248628.0	138248628
cache_cpu104_no-remap	barnes	0.0358717	1222950.0	5924690.0	0.0	0.7175	0.73	475165828.0	475165828
cache_cpu104_no-remap	cholesky	0.0333332	292423.0	10162737.0	0.0	1.98	2.2	39777256.0	39777256
cache_cpu104_no-remap	fft	0.0338274	4376147.0	32973629.0	0.0	2.16	2.16	100034253.0	100034253
cache_cpu104_no-remap	fmm	0.109502	1057462.0	9306535.0	0.0	1.945	1.96	241449659.0	241449659
cache_cpu104_no-remap	lu.cont	0.0325503	2442178.0	9539374.0	0.0	1.8375	1.88	141453688.0	141453688
cache_cpu104_no-remap	lu.ncont	0.0323512	4082132.0	17108752.0	0.0	1.65	1.69	158938829.0	158938829
cache_cpu104_no-remap	radix	0.0544235	1425.0	1372553.0	0.0	0.4	0.4	39853496.0	39853496
cache_cpu104_no-remap	raytrace	0.0463171	1594599.0	12876345.0	0.0	0.8775	0.89	214106419.0	214106419
cache_cpu104_no-remap	water.nsq	0.0816422	524528.0	3759754.0	0.0	1.33	1.38	353161869.0	353161869
cache_cpu104_no-remap	water.sp	0.0382248	350455.0	2531436.0	0.0	1.475	1.6	132968996.0	132968996
cache_cpu104_remap0	barnes	0.238873	0.0	5849109.0	184057.0	0.7125	0.72	476528628.0	476528628
cache_cpu104_remap0	cholesky	0.0764531	0.0	10177146.0	145040.0	1.93	2.14	41180855.0	41180855
cache_cpu104_remap0	fft	0.201577	0.0	32997929.0	265859.0	2.06	2.06	104864853.0	104864853
cache_cpu104_remap0	fmm	0.267216	0.0	8774732.0	223786.0	1.9325	1.95	243188463.0	243188463
cache_cpu104_remap0	lu.cont	0.247938	0.0	9527242.0	135418.0	1.74	1.78	149614920.0	149614920
cache_cpu104_remap0	lu.ncont	0.224963	0.0	16299966.0	135431.0	1.5575	1.59	168612330.0	168612330
cache_cpu104_remap0	radix	0.0554451	0.0	1373657.0	2116.0	0.4	0.4	39864091.0	39864091
cache_cpu104_remap0	raytrace	0.269388	0.0	12912990.0	155895.0	0.8425	0.86	222673619.0	222673619
cache_cpu104_remap0	water.nsq	0.263507	0.0	3714419.0	502022.0	1.33	1.38	354015169.0	354015169
cache_cpu104_remap0	water.sp	0.199016	0.0	2455318.0	301432.0	1.44	1.56	136215196.0	136215196
cache_cpu104_remap1g	barnes	0.260178	0.0	6811546.0	196640.0	0.7125	0.72	476851483.0	476851483
cache_cpu104_remap1g	cholesky	0.0421484	0.0	10461088.0	147354.0	1.955	2.19	40580022.0	40580022
cache_cpu104_remap1g	fft	0.0730568	0.0	37418368.0	245027.0	2.11	2.11	102330653.0	102330653
cache_cpu104_remap1g	fmm	0.285374	0.0	10094380.0	223720.0	1.925	1.94	244307963.0	244307963
cache_cpu104_remap1g	lu.cont	0.0358489	0.0	12070797.0	135418.0	1.82	1.86	142693788.0	142693788
cache_cpu104_remap1g	lu.ncont	0.13293	0.0	19569175.0	135432.0	1.58	1.62	166231983.0	166231983
cache_cpu104_remap1g	radix	0.0552295	0.0	1373985.0	2115.0	0.4	0.4	39848086.0	39848086
cache_cpu104_remap1g	raytrace	0.0995745	0.0	14378897.0	155889.0	0.8575	0.87	218331858.0	218331858
cache_cpu104_remap1g	water.nsq	0.364181	0.0	3909878.0	504068.0	1.3225	1.37	355384214.0	355384214
cache_cpu104_remap1g	water.sp	0.209299	0.0	2723327.0	278905.0	1.43	1.55	136936896.0	136936896
cache_cpu104_remap1l	barnes	0.269631	0.0	6245217.0	153027.0	0.7125	0.72	476913583.0	476913583
cache_cpu104_remap1l	cholesky	0.0550066	0.0	10346759.0	140327.0	1.92	2.13	41132255.0	41132255
cache_cpu104_remap1l	fft	0.145163	0.0	35079446.0	251015.0	2.07	2.07	104227853.0	104227853
cache_cpu104_remap1l	fmm	0.274577	0.0	9539276.0	233979.0	1.925	1.94	243997759.0	243997759
cache_cpu104_remap1l	lu.cont	0.155063	0.0	10664455.0	135313.0	1.7725	1.82	146379662.0	146379662
cache_cpu104_remap1l	lu.ncont	0.187576	0.0	17715155.0	135245.0	1.5625	1.6	167758786.0	167758786
cache_cpu104_remap1l	radix	0.0550323	0.0	1374425.0	2116.0	0.4	0.4	39850574.0	39850574
cache_cpu104_remap1l	raytrace	0.188772	0.0	13575337.0	155717.0	0.845	0.86	222052119.0	222052119
cache_cpu104_remap1l	water.nsq	0.299616	0.0	3859317.0	495752.0	1.3225	1.37	354855869.0	354855869
cache_cpu104_remap1l	water.sp	0.202993	0.0	2594553.0	282968.0	1.4375	1.56	136573696.0	136573696
cache_cpu105_no-remap	barnes	0.0358491	1208967.0	5938278.0	0.0	0.7175	0.73	474389328.0	474389328
cache_cpu105_no-remap	cholesky	0.0333543	286072.0	10175124.0	0.0	1.98	2.2	39699455.0	39699455
cache_cpu105_no-remap	fft	0.0338443	4590559.0	32760409.0	0.0	2.19	2.19	98322553.0	98322553
cache_cpu105_no-remap	fmm	0.109636	1741944.0	8622344.0	0.0	2.01	2.03	234053212.0	234053212
cache_cpu105_no-remap	lu.cont	0.032547	2515145.0	9467415.0	0.0	1.8425	1.89	140990799.0	140990799
cache_cpu105_no-remap	lu.ncont	0.0318788	4198588.0	16998905.0	0.0	1.66	1.7	157949086.0	157949086
cache_cpu105_no-remap	radix	0.0542595	1492.0	1372136.0	0.0	0.4	0.4	39852886.0	39852886
cache_cpu105_no-remap	raytrace	0.0473344	1665635.0	12968212.0	0.0	0.88	0.9	213708421.0	213708421
cache_cpu105_no-remap	water.nsq	0.0805415	540426.0	3740295.0	0.0	1.3525	1.4	347587082.0	347587082
cache_cpu105_no-remap	water.sp	0.0383642	364351.0	2512877.0	0.0	1.48	1.6	132430396.0	132430396
cache_cpu105_remap0	barnes	0.244455	0.0	5810244.0	155042.0	0.7125	0.72	476206128.0	476206128
cache_cpu105_remap0	cholesky	0.0800263	0.0	10172087.0	147357.0	1.955	2.17	40938222.0	40938222
cache_cpu105_remap0	fft	0.199054	0.0	33057453.0	282031.0	2.06	2.06	104558553.0	104558553
cache_cpu105_remap0	fmm	0.287969	0.0	8547214.0	148218.0	1.98	2.0	237509859.0	237509859
cache_cpu105_remap0	lu.cont	0.254871	0.0	9453481.0	135406.0	1.74	1.78	149119362.0	149119362
cache_cpu105_remap0	lu.ncont	0.23245	0.0	16154279.0	135430.0	1.57	1.61	167062430.0	167062430
cache_cpu105_remap0	radix	0.0551016	0.0	1374527.0	2115.0	0.4	0.4	39866280.0	39866280
cache_cpu105_remap0	raytrace	0.27173	0.0	12919584.0	155885.0	0.85	0.87	221107558.0	221107558
cache_cpu105_remap0	water.nsq	0.266306	0.0	3702794.0	493782.0	1.35	1.4	348174769.0	348174769
cache_cpu105_remap0	water.sp	0.202746	0.0	2441590.0	276859.0	1.4575	1.58	134655596.0	134655596
cache_cpu105_remap1g	barnes	0.267115	0.0	6807603.0	165427.0	0.7125	0.72	476718428.0	476718428
cache_cpu105_remap1g	cholesky	0.0417399	0.0	10448661.0	147381.0	1.96	2.18	40590822.0	40590822
cache_cpu105_remap1g	fft	0.0781393	0.0	37382161.0	246921.0	2.12	2.12	101506153.0	101506153
cache_cpu105_remap1g	fmm	0.303574	0.0	10063667.0	167030.0	1.97	1.99	238680659.0	238680659
cache_cpu105_remap1g	lu.cont	0.0356783	0.0	12075215.0	135417.0	1.83	1.87	142158299.0	142158299
cache_cpu105_remap1g	lu.ncont	0.129069	0.0	19540952.0	135433.0	1.5925	1.63	164687929.0	164687929
cache_cpu105_remap1g	radix	0.0551409	0.0	1374297.0	2116.0	0.4	0.4	39857174.0	39857174
cache_cpu105_remap1g	raytrace	0.0965884	0.0	14413966.0	155891.0	0.86	0.87	217790806.0	217790806
cache_cpu105_remap1g	water.nsq	0.377032	0.0	3891228.0	491707.0	1.35	1.4	348365514.0	348365514
cache_cpu105_remap1g	water.sp	0.221935	0.0	2720922.0	250233.0	1.4525	1.57	134898396.0	134898396
cache_cpu105_remap1l	barnes	0.267383	0.0	6251836.0	157158.0	0.7125	0.72	476574783.0	476574783
cache_cpu105_remap1l	cholesky	0.061295	0.0	10327938.0	147185.0	1.96	2.19	40049255.0	40049255
cache_cpu105_remap1l	fft	0.142046	0.0	35201556.0	317438.0	2.07	2.07	104356953.0	104356953
cache_cpu105_remap1l	fmm	0.300458	0.0	9295128.0	166606.0	1.9725	1.99	238237903.0	238237903
cache_cpu105_remap1l	lu.cont	0.159522	0.0	10625510.0	135332.0	1.78	1.82	145771199.0	145771199
cache_cpu105_remap1l	lu.ncont	0.190918	0.0	17747951.0	135296.0	1.5775	1.61	166242686.0	166242686
cache_cpu105_remap1l	radix	0.0548426	0.0	1374876.0	2116.0	0.4	0.4	39868774.0	39868774
cache_cpu105_remap1l	raytrace	0.187966	0.0	13609556.0	155637.0	0.86	0.87	217554858.0	217554858
cache_cpu105_remap1l	water.nsq	0.311105	0.0	3816885.0	491666.0	1.35	1.4	348168469.0	348168469
cache_cpu105_remap1l	water.sp	0.199852	0.0	2583030.0	291159.0	1.4475	1.57	135400096.0	135400096
